6609954668573,51740934173,3,14,0,100001,42.199.50.54,2017-03-01 00:10:33,2017-03-01 00:05:16
6606196572237,51682213965,3,57,5,100022,119.62.204.226,2017-03-01 00:24:33,2017-03-01 00:18:49
6606196572237,51682213965,3,57,5,100022,119.62.204.226,2017-03-01 00:53:37,2017-03-01 00:39:29
6607807184907,51707379723,3,59,3,100016,223.104.177.122,2017-03-01 01:08:21,2017-03-01 00:46:06
6609954668551,51740934151,3,23,0,100001,59.42.29.77,2017-03-01 01:09:23,2017-03-01 01:02:36
6600827863054,51598327822,3,31,4,100008,222.87.72.116,2017-03-01 01:22:41,2017-03-01 01:15:20
6607807184901,51707379717,3,58,3,100015,112.26.75.189,2017-03-01 01:51:38,2017-03-01 01:39:42
6599754121272,51581550648,3,71,6,100001,117.136.41.117,2017-03-01 02:17:11,2017-03-01 01:58:59
6609954668563,51740934163,3,28,0,100008,219.135.4.10,2017-03-01 06:20:59,2017-03-01 06:12:56
6606196572237,51682213965,3,57,5,100022,117.136.73.234,2017-03-01 06:26:26,2017-03-01 06:16:54
6609954668568,51740934168,3,1,0,100001,117.150.243.253,2017-03-01 06:51:01,2017-03-01 06:42:05
6606196572178,51682213906,3,50,3,100008,223.104.247.234,2017-03-01 06:54:03,2017-03-01 06:43:10
6602975346754,51631882306,3,59,4,100005,117.150.124.141,2017-03-01 07:16:43,2017-03-01 07:08:52
6609954668575,51740934175,3,16,0,100001,183.1.40.187,2017-03-01 07:38:28,2017-03-01 07:09:15
6601364734046,51606716510,3,66,4,100002,111.199.156.195,2017-03-01 07:21:27,2017-03-01 07:14:28
6598143508487,51556384775,3,85,12,100002,117.100.144.92,2017-03-01 07:34:04,2017-03-01 07:27:19
6601364734046,51606716510,3,66,4,100002,111.199.156.195,2017-03-01 07:42:03,2017-03-01 07:35:40
6606196572178,51682213906,3,50,3,100008,223.104.247.234,2017-03-01 08:14:40,2017-03-01 07:59:29
6606196572189,51682213917,3,73,8,100001,223.104.25.242,2017-03-01 08:40:23,2017-03-01 08:28:02
6598143508662,51556384950,3,84,6,100002,223.104.25.242,2017-03-01 08:43:57,2017-03-01 08:35:07
6600290992138,51589939210,3,69,4,100005,223.104.19.66,2017-03-01 08:54:31,2017-03-01 08:41:25
6601364734046,51606716510,3,66,4,100002,111.193.162.212,2017-03-01 09:00:28,2017-03-01 08:54:08
6609417797648,51732545552,3,32,1,100002,1.84.94.183,2017-03-01 09:10:55,2017-03-01 08:55:58
6598143509027,51556385315,3,65,4,100002,117.136.38.14,2017-03-01 09:09:14,2017-03-01 09:01:28
6598143508487,51556384775,3,85,12,100002,117.100.144.92,2017-03-01 10:26:56,2017-03-01 09:14:12
6607807184901,51707379717,3,58,3,100015,112.26.237.137,2017-03-01 09:47:18,2017-03-01 09:27:41
6598143508662,51556384950,3,84,6,100002,223.104.25.242,2017-03-01 09:59:11,2017-03-01 09:47:22
6608344055898,51715768410,3,56,3,100001,58.244.172.21,2017-03-01 10:27:09,2017-03-01 09:47:54
6609954668563,51740934163,3,28,0,100008,117.136.79.193,2017-03-01 10:01:36,2017-03-01 09:51:34
6606196572189,51682213917,3,73,8,100001,223.104.25.242,2017-03-01 10:15:31,2017-03-01 09:54:18
6598143508662,51556384950,3,84,6,100002,117.100.144.92,2017-03-01 10:32:27,2017-03-01 10:21:44
6598143508662,51556384950,3,84,6,100002,117.100.144.92,2017-03-01 10:39:32,2017-03-01 10:33:12
6606196572189,51682213917,3,73,8,100001,223.104.25.242,2017-03-01 11:10:03,2017-03-01 10:53:49
6598143508662,51556384950,3,84,6,100002,223.104.25.242,2017-03-01 11:30:22,2017-03-01 11:04:51
6606196572189,51682213917,3,73,8,100001,223.104.25.242,2017-03-01 11:28:33,2017-03-01 11:18:29
6607807184901,51707379717,3,59,3,100015,36.62.234.165,2017-03-01 11:46:08,2017-03-01 11:28:37
6609954668550,51740934150,3,27,0,100001,113.128.73.82,2017-03-01 11:56:00,2017-03-01 11:45:57
6609954668573,51740934173,3,14,0,100001,223.74.228.3,2017-03-01 11:58:57,2017-03-01 11:51:28
6606196572178,51682213906,3,50,3,100008,223.104.247.234,2017-03-01 12:12:31,2017-03-01 12:04:17
6598143508487,51556384775,3,85,12,100002,117.100.144.92,2017-03-01 12:21:12,2017-03-01 12:14:18
6598143508662,51556384950,3,84,6,100002,223.104.25.242,2017-03-01 12:36:37,2017-03-01 12:27:11
6598143509027,51556385315,3,65,4,100002,223.104.38.41,2017-03-01 12:36:14,2017-03-01 12:27:25
6606196572189,51682213917,3,73,8,100001,223.104.25.242,2017-03-01 12:47:43,2017-03-01 12:31:29
6609954668559,51740934159,3,28,0,100001,49.88.13.247,2017-03-01 12:45:57,2017-03-01 12:36:38
6601364734059,51606716523,3,51,4,100005,113.140.24.3,2017-03-01 12:53:46,2017-03-01 12:43:30
6600290992138,51589939210,3,69,4,100005,221.13.138.235,2017-03-01 12:49:59,2017-03-01 12:44:27
6609417797648,51732545552,3,32,1,100002,1.84.94.183,2017-03-01 13:56:33,2017-03-01 12:53:59
6600290992138,51589939210,3,69,4,100005,221.13.138.235,2017-03-01 13:09:34,2017-03-01 12:59:30
6606196572189,51682213917,3,73,8,100001,223.104.25.242,2017-03-01 14:03:00,2017-03-01 13:21:35
6600290992235,51589939307,3,53,4,100008,58.60.143.5,2017-03-01 13:45:01,2017-03-01 13:26:03
6607807184907,51707379723,3,59,3,100016,223.104.177.122,2017-03-01 13:55:09,2017-03-01 13:28:56
6602975346754,51631882306,3,59,4,100005,117.136.53.204,2017-03-01 13:35:35,2017-03-01 13:29:47
6602975346754,51631882306,3,59,4,100005,117.136.53.204,2017-03-01 13:51:23,2017-03-01 13:44:21
6601364734046,51606716510,3,66,4,100002,123.121.47.212,2017-03-01 14:03:00,2017-03-01 13:51:24
6608344055941,51715768453,3,48,3,100001,223.104.107.22,2017-03-01 16:35:25,2017-03-01 16:10:50
6609954668570,51740934170,3,5,0,100001,115.234.70.145,2017-03-01 16:48:32,2017-03-01 16:26:52
6600290992138,51589939210,3,69,4,100005,223.104.19.66,2017-03-01 16:54:06,2017-03-01 16:46:40
6609954668575,51740934175,3,21,0,100001,183.1.40.187,2017-03-01 18:25:31,2017-03-01 17:18:26
6606196572237,51682213965,3,57,5,100022,119.62.204.185,2017-03-01 17:43:10,2017-03-01 17:31:21
6606196572178,51682213906,3,50,3,100008,223.104.247.234,2017-03-01 17:38:44,2017-03-01 17:32:55
6607270313990,51698991110,3,5,0,100007,14.0.236.219,2017-03-01 18:20:24,2017-03-01 17:49:29
6606196572237,51682213965,3,58,5,100022,119.62.204.185,2017-03-01 18:23:57,2017-03-01 18:06:31
6600290992138,51589939210,3,69,4,100005,223.104.19.66,2017-03-01 18:42:23,2017-03-01 18:32:35
6598143509027,51556385315,3,65,4,100002,223.104.3.245,2017-03-01 19:12:10,2017-03-01 19:04:24
6610491539457,51749322753,3,1,0,100001,106.5.23.56,2017-03-01 19:15:34,2017-03-01 19:07:03
6610491539458,51749322754,3,1,0,100004,61.183.24.60,2017-03-01 19:17:23,2017-03-01 19:11:52
6601364734046,51606716510,3,66,4,100002,111.193.162.212,2017-03-01 19:30:35,2017-03-01 19:16:49
6609954668549,51740934149,3,26,0,100008,112.5.236.156,2017-03-01 19:42:42,2017-03-01 19:21:20
6607807184907,51707379723,3,59,3,100016,119.112.140.192,2017-03-01 20:37:42,2017-03-01 19:23:06
6600290992138,51589939210,3,69,4,100005,221.13.138.235,2017-03-01 20:02:18,2017-03-01 19:56:42
6606196572178,51682213906,3,50,3,100008,223.104.247.234,2017-03-01 20:54:28,2017-03-01 20:09:08
6600290992138,51589939210,3,69,4,100005,221.13.138.235,2017-03-01 20:20:34,2017-03-01 20:13:43
6610491539459,51749322755,3,1,0,100001,183.54.235.210,2017-03-01 20:45:32,2017-03-01 20:31:38
6600290992138,51589939210,3,69,4,100005,221.13.138.235,2017-03-01 20:53:38,2017-03-01 20:47:05
6609954668559,51740934159,3,29,0,100001,49.88.18.160,2017-03-01 21:10:19,2017-03-01 20:52:12
6609954668550,51740934150,3,28,1,100001,113.128.73.82,2017-03-01 21:03:23,2017-03-01 20:53:10
6600290992138,51589939210,3,69,4,100005,221.13.138.235,2017-03-01 21:11:07,2017-03-01 21:05:10
6606196572237,51682213965,3,58,5,100022,119.62.204.185,2017-03-01 21:37:38,2017-03-01 21:19:54
6606196572237,51682213965,3,58,5,100022,119.62.204.185,2017-03-01 21:51:31,2017-03-01 21:44:57
6607807184907,51707379723,3,59,3,100016,119.112.137.226,2017-03-01 22:34:58,2017-03-01 21:54:41
6598143509027,51556385315,3,65,4,100002,210.78.142.136,2017-03-01 22:21:44,2017-03-01 22:03:15
6601901605007,51615105167,3,62,5,100005,59.55.255.185,2017-03-01 22:24:07,2017-03-01 22:08:54
6606196572189,51682213917,3,73,8,100001,119.86.39.23,2017-03-01 22:28:47,2017-03-01 22:20:35
6598143508662,51556384950,3,84,6,100002,119.86.39.23,2017-03-01 23:08:33,2017-03-01 22:24:03
6599754121226,51581550602,3,73,5,100002,36.23.196.148,2017-03-01 22:49:46,2017-03-01 22:26:15
6609954668563,51740934163,3,28,0,100008,113.94.124.100,2017-03-01 23:13:16,2017-03-01 23:02:57
6606196572189,51682213917,3,73,8,100001,119.86.39.23,2017-03-01 23:29:16,2017-03-01 23:03:25
6610491539460,51749322756,3,1,0,100005,27.24.53.223,2017-03-01 23:13:06,2017-03-01 23:03:46
6609954668554,51740934154,3,25,0,100001,219.130.174.8,2017-03-01 23:33:30,2017-03-01 23:24:37
6602975346754,51631882306,3,59,4,100005,117.150.123.225,2017-03-02 00:12:58,2017-03-01 23:55:02
6601364734046,51606716510,3,66,4,100002,123.113.153.36,2017-03-02 00:14:43,2017-03-02 00:06:48
6606196572237,51682213965,3,58,5,100022,119.62.204.185,2017-03-02 00:23:55,2017-03-02 00:12:25
6609417797648,51732545552,3,34,1,100002,124.114.49.215,2017-03-02 00:30:25,2017-03-02 00:19:57
6610491539461,51749322757,3,1,0,100028,14.124.188.141,2017-03-02 00:37:13,2017-03-02 00:22:03
6610491539461,51749322757,3,4,0,100028,14.124.188.141,2017-03-02 00:44:59,2017-03-02 00:38:08
6600827863054,51598327822,3,31,4,100008,1.205.195.77,2017-03-02 01:08:15,2017-03-02 01:01:21
6610491539462,51749322758,3,1,0,100005,111.127.13.144,2017-03-02 02:40:36,2017-03-02 02:35:36
6607807184907,51707379723,3,59,3,100016,223.104.177.122,2017-03-02 03:14:56,2017-03-02 02:49:16
6606196572237,51682213965,3,58,5,100022,223.104.12.146,2017-03-02 06:35:49,2017-03-02 06:15:46
6607807184901,51707379717,3,59,3,100015,112.26.237.141,2017-03-02 06:38:30,2017-03-02 06:22:49
6606196572178,51682213906,3,50,3,100008,223.104.247.234,2017-03-02 06:53:57,2017-03-02 06:29:30
6609954668565,51740934165,3,7,0,100001,117.136.92.106,2017-03-02 07:00:03,2017-03-02 06:53:34
6601364734046,51606716510,3,66,4,100002,123.113.153.36,2017-03-02 07:23:46,2017-03-02 07:12:50
6602975346754,51631882306,3,59,4,100005,117.150.123.225,2017-03-02 07:36:10,2017-03-02 07:25:09
6608344055898,51715768410,3,57,3,100001,61.138.184.170,2017-03-02 07:49:30,2017-03-02 07:32:06
6606196572178,51682213906,3,50,3,100008,223.104.247.234,2017-03-02 08:12:27,2017-03-02 08:00:16
6601901605007,51615105167,3,62,5,100005,59.55.255.185,2017-03-02 08:30:24,2017-03-02 08:18:19
6606196572189,51682213917,3,73,8,100001,223.104.25.243,2017-03-02 08:40:00,2017-03-02 08:29:57
6606196572189,51682213917,3,73,8,100001,223.104.25.243,2017-03-02 08:59:31,2017-03-02 08:47:27
6600290992138,51589939210,3,69,4,100005,117.136.44.213,2017-03-02 09:01:06,2017-03-02 08:52:24
6598143508662,51556384950,3,84,6,100002,223.104.25.243,2017-03-02 09:16:21,2017-03-02 08:54:35
6598143509027,51556385315,3,65,4,100002,223.104.3.245,2017-03-02 09:27:42,2017-03-02 09:20:27
6609954668574,51740934174,3,2,0,100001,125.94.106.60,2017-03-02 09:52:40,2017-03-02 09:32:25
6610491539457,51749322753,3,2,0,100001,106.5.23.56,2017-03-02 10:03:19,2017-03-02 09:40:05
6598143508662,51556384950,3,84,6,100002,223.104.25.243,2017-03-02 10:16:55,2017-03-02 09:47:47
6606196572189,51682213917,3,73,8,100001,223.104.25.243,2017-03-02 10:41:02,2017-03-02 10:11:59
6606196572247,51682213975,3,63,5,100005,223.104.20.142,2017-03-02 10:27:22,2017-03-02 10:17:59
6606196572247,51682213975,3,63,5,100005,223.104.20.142,2017-03-02 10:37:15,2017-03-02 10:28:00
6606196572178,51682213906,3,51,3,100008,223.104.247.234,2017-03-02 11:22:49,2017-03-02 11:09:59
6609954668563,51740934163,3,28,0,100008,117.136.41.90,2017-03-02 11:23:53,2017-03-02 11:13:23
6606196572189,51682213917,3,73,8,100001,223.104.25.243,2017-03-02 12:35:38,2017-03-02 12:26:09
6598143508662,51556384950,3,84,6,100002,223.104.25.243,2017-03-02 12:52:00,2017-03-02 12:30:34
6606196572189,51682213917,3,73,8,100001,223.104.25.243,2017-03-02 12:59:29,2017-03-02 12:46:50
6602975346754,51631882306,3,59,4,100005,117.136.23.83,2017-03-02 13:27:19,2017-03-02 13:18:09
6598143509027,51556385315,3,65,4,100002,117.136.38.154,2017-03-02 14:02:51,2017-03-02 13:53:55
6599754121272,51581550648,3,71,6,100001,117.136.41.117,2017-03-02 14:59:53,2017-03-02 14:44:19
6606196572178,51682213906,3,51,3,100008,223.104.247.234,2017-03-02 15:12:07,2017-03-02 15:01:17
6599754121226,51581550602,3,73,5,100002,36.23.130.178,2017-03-02 16:09:31,2017-03-02 15:49:39
6601364734046,51606716510,3,66,4,100002,61.48.153.228,2017-03-02 16:35:13,2017-03-02 16:26:24
6606196572237,51682213965,3,58,5,100022,117.136.73.164,2017-03-02 16:52:16,2017-03-02 16:43:00
6609417797639,51732545543,3,10,0,100001,117.136.0.232,2017-03-02 17:15:07,2017-03-02 16:52:13
6609954668570,51740934170,3,14,0,100001,115.234.70.145,2017-03-02 17:08:50,2017-03-02 17:00:03
6600290992138,51589939210,3,69,4,100005,221.13.138.235,2017-03-02 17:08:38,2017-03-02 17:02:39
6607270313990,51698991110,3,10,0,100007,119.247.83.1,2017-03-02 17:13:27,2017-03-02 17:06:51
6606196572189,51682213917,3,73,8,100001,223.104.25.243,2017-03-02 17:28:48,2017-03-02 17:13:22
6601364734046,51606716510,3,66,4,100002,61.48.153.228,2017-03-02 17:52:38,2017-03-02 17:42:28
6598143508662,51556384950,3,84,6,100002,223.104.25.243,2017-03-02 18:04:48,2017-03-02 17:47:16
6606196572237,51682213965,3,58,5,100022,119.62.205.216,2017-03-02 18:09:13,2017-03-02 18:00:42
6608344055941,51715768453,3,49,3,100001,223.104.19.159,2017-03-02 18:53:08,2017-03-02 18:34:41
6609954668575,51740934175,3,23,0,100001,183.1.42.37,2017-03-02 19:31:54,2017-03-02 19:01:42
6598143509027,51556385315,3,65,4,100002,117.136.0.193,2017-03-02 19:22:07,2017-03-02 19:15:30
6609954668559,51740934159,3,29,0,100001,49.88.18.160,2017-03-02 19:58:47,2017-03-02 19:17:17
6598143509027,51556385315,3,65,4,100002,117.136.0.193,2017-03-02 19:57:24,2017-03-02 19:50:32
6607807184907,51707379723,3,59,3,100016,119.112.140.192,2017-03-02 20:15:46,2017-03-02 19:55:02
6608344055898,51715768410,3,57,3,100001,61.138.184.170,2017-03-02 20:15:28,2017-03-02 20:09:04
6608344055898,51715768410,3,57,3,100001,61.138.184.170,2017-03-02 20:21:55,2017-03-02 20:16:22
6610491539461,51749322757,3,4,0,100028,14.124.190.149,2017-03-02 20:32:00,2017-03-02 20:22:40
6606196572178,51682213906,3,51,3,100008,223.104.247.234,2017-03-02 20:55:59,2017-03-02 20:37:27
6598143508662,51556384950,3,84,6,100002,119.86.39.23,2017-03-02 21:21:40,2017-03-02 20:53:11
6606196572237,51682213965,3,58,5,100022,119.62.205.216,2017-03-02 21:28:05,2017-03-02 21:04:55
6609954668555,51740934155,3,13,0,100001,211.161.244.215,2017-03-02 21:19:27,2017-03-02 21:07:28
6601364734059,51606716523,3,51,4,100005,36.40.45.77,2017-03-02 21:25:02,2017-03-02 21:16:04
6606196572189,51682213917,3,73,8,100001,119.86.39.23,2017-03-02 21:52:20,2017-03-02 21:16:56
6598143509027,51556385315,3,65,4,100002,117.136.0.193,2017-03-02 21:31:53,2017-03-02 21:20:46
6598143508717,51556385005,3,80,13,100002,223.104.5.195,2017-03-02 21:36:38,2017-03-02 21:28:33
6601364734046,51606716510,3,66,4,100002,61.48.153.228,2017-03-02 22:58:34,2017-03-02 22:35:36
6607807184907,51707379723,3,59,3,100016,223.104.177.122,2017-03-02 23:27:09,2017-03-02 22:51:23
6606196572237,51682213965,3,58,5,100022,119.62.205.216,2017-03-02 23:06:17,2017-03-02 22:52:59
6600290992138,51589939210,3,69,4,100005,221.13.138.235,2017-03-02 23:05:24,2017-03-02 22:58:10
6599754121226,51581550602,3,73,5,100002,60.181.145.8,2017-03-02 23:19:28,2017-03-02 23:03:03
6609954668563,51740934163,3,28,0,100008,113.94.42.0,2017-03-02 23:18:27,2017-03-02 23:08:42
6602975346754,51631882306,3,59,4,100005,117.150.115.73,2017-03-02 23:44:21,2017-03-02 23:24:07
6606196572189,51682213917,3,73,8,100001,119.86.39.23,2017-03-03 00:20:28,2017-03-02 23:54:24
6606196572237,51682213965,3,58,5,100022,223.104.12.146,2017-03-03 00:21:10,2017-03-03 00:14:21
6606196572189,51682213917,3,73,8,100001,119.86.37.123,2017-03-03 00:31:55,2017-03-03 00:21:27
6598143508662,51556384950,3,84,6,100002,119.86.37.123,2017-03-03 00:51:09,2017-03-03 00:26:56
6600827863054,51598327822,3,32,4,100008,1.205.195.77,2017-03-03 00:40:24,2017-03-03 00:33:44
6607807184901,51707379717,3,59,3,100015,112.26.237.73,2017-03-03 01:48:51,2017-03-03 01:16:50
6610491539463,51749322759,3,1,0,100008,223.166.247.120,2017-03-03 03:02:06,2017-03-03 02:13:46
6601901605007,51615105167,3,62,5,100005,59.55.255.185,2017-03-03 02:55:31,2017-03-03 02:45:10
6606196572237,51682213965,3,58,5,100022,223.104.12.185,2017-03-03 06:31:48,2017-03-03 06:21:02
6606196572178,51682213906,3,51,3,100008,223.104.247.234,2017-03-03 06:53:13,2017-03-03 06:42:46
6601364734046,51606716510,3,66,4,100002,223.104.3.137,2017-03-03 07:13:42,2017-03-03 07:04:04
6602975346754,51631882306,3,59,4,100005,117.150.115.73,2017-03-03 07:24:23,2017-03-03 07:14:48
6606196572178,51682213906,3,51,3,100008,223.104.247.234,2017-03-03 07:34:17,2017-03-03 07:23:56
6609954668575,51740934175,3,24,0,100001,183.1.41.105,2017-03-03 07:35:12,2017-03-03 07:26:31
6599754121226,51581550602,3,73,5,100002,36.23.38.29,2017-03-03 07:39:56,2017-03-03 07:30:22
6598143508717,51556385005,3,80,13,100002,223.104.5.195,2017-03-03 08:34:03,2017-03-03 08:09:42
6602975346754,51631882306,3,59,4,100005,117.136.23.85,2017-03-03 09:10:10,2017-03-03 08:50:54
6598143508662,51556384950,3,84,6,100002,223.104.25.4,2017-03-03 09:13:23,2017-03-03 08:55:17
6606196572189,51682213917,3,73,8,100001,223.104.25.4,2017-03-03 09:15:23,2017-03-03 09:08:17
6609954668554,51740934154,3,25,0,100001,219.130.174.8,2017-03-03 09:19:10,2017-03-03 09:09:24
6602975346754,51631882306,3,59,4,100005,117.136.23.85,2017-03-03 09:27:26,2017-03-03 09:15:11
6606196572189,51682213917,3,73,8,100001,223.104.25.4,2017-03-03 10:14:15,2017-03-03 09:34:38
6601364734046,51606716510,3,66,4,100002,223.104.38.255,2017-03-03 10:03:31,2017-03-03 09:40:51
6598143508662,51556384950,3,84,7,100002,223.104.25.4,2017-03-03 10:30:40,2017-03-03 10:08:56
6608344055898,51715768410,3,57,3,100001,58.244.172.21,2017-03-03 10:25:55,2017-03-03 10:14:15
6610491539464,51749322760,3,1,0,100001,36.43.243.3,2017-03-03 10:27:37,2017-03-03 10:16:47
6610491539464,51749322760,3,1,0,100001,117.35.63.163,2017-03-03 10:49:01,2017-03-03 10:31:58
6610491539465,51749322761,3,1,0,100001,58.221.148.181,2017-03-03 11:09:13,2017-03-03 11:03:59
6601901605007,51615105167,3,62,5,100005,59.55.252.113,2017-03-03 11:24:01,2017-03-03 11:11:53
6601364734059,51606716523,3,51,4,100005,113.140.24.5,2017-03-03 11:23:18,2017-03-03 11:12:49
6607807184901,51707379717,3,59,3,100015,112.26.237.165,2017-03-03 12:41:58,2017-03-03 11:22:23
6608344055898,51715768410,3,57,3,100001,61.138.184.170,2017-03-03 12:08:23,2017-03-03 11:36:45
6602975346754,51631882306,3,60,4,100005,117.136.23.85,2017-03-03 12:20:21,2017-03-03 12:12:48
6606196572178,51682213906,3,51,3,100008,223.104.247.234,2017-03-03 12:54:34,2017-03-03 12:24:04
6601364734046,51606716510,3,66,4,100002,123.121.47.212,2017-03-03 12:30:43,2017-03-03 12:24:06
6598143508662,51556384950,3,84,7,100002,223.104.25.4,2017-03-03 12:50:53,2017-03-03 12:31:10
6602975346754,51631882306,3,60,4,100005,117.136.23.85,2017-03-03 12:41:27,2017-03-03 12:33:54
6606196572189,51682213917,3,73,8,100001,223.104.25.4,2017-03-03 12:53:52,2017-03-03 12:45:37
6609417797648,51732545552,3,34,1,100002,1.81.114.27,2017-03-03 12:58:40,2017-03-03 12:51:31
6602975346754,51631882306,3,60,4,100005,117.136.23.85,2017-03-03 13:20:45,2017-03-03 13:12:47
6609417797648,51732545552,3,34,1,100002,1.81.114.27,2017-03-03 13:32:03,2017-03-03 13:14:44
6600290992138,51589939210,3,69,4,100005,221.13.138.235,2017-03-03 14:30:07,2017-03-03 14:21:34
6608344055941,51715768453,3,49,3,100001,61.158.146.220,2017-03-03 15:37:58,2017-03-03 15:20:28
6606196572189,51682213917,3,73,8,100001,223.104.25.4,2017-03-03 15:44:43,2017-03-03 15:20:57
6610491539463,51749322759,3,10,0,100008,223.166.247.120,2017-03-03 15:51:20,2017-03-03 15:24:30
6609417797639,51732545543,3,12,0,100001,124.207.209.114,2017-03-03 16:16:11,2017-03-03 15:35:06
6598143508662,51556384950,3,84,7,100002,223.104.25.4,2017-03-03 16:11:49,2017-03-03 15:39:49
6602975346754,51631882306,3,60,4,100005,117.136.23.85,2017-03-03 15:54:19,2017-03-03 15:45:22
6601364734046,51606716510,3,66,4,100002,123.121.47.212,2017-03-03 15:59:05,2017-03-03 15:53:17
6606196572237,51682213965,3,58,5,100022,223.104.12.166,2017-03-03 16:34:07,2017-03-03 16:20:28
6601364734046,51606716510,3,66,4,100002,123.121.47.212,2017-03-03 16:29:36,2017-03-03 16:21:35
6606196572178,51682213906,3,51,3,100008,223.104.247.234,2017-03-03 16:36:06,2017-03-03 16:30:17
6609954668549,51740934149,3,27,0,100008,112.5.237.117,2017-03-03 17:06:42,2017-03-03 16:56:31
6607807184907,51707379723,3,59,3,100016,59.46.158.67,2017-03-03 17:24:48,2017-03-03 16:57:13
6609417797645,51732545549,3,27,0,100001,180.105.213.202,2017-03-03 17:23:55,2017-03-03 17:12:42
6607807184907,51707379723,3,60,3,100016,223.104.177.122,2017-03-03 17:36:26,2017-03-03 17:31:18
6610491539465,51749322761,3,1,0,100001,117.86.1.2,2017-03-03 17:56:06,2017-03-03 17:32:44
6609954668554,51740934154,3,25,0,100001,27.45.125.16,2017-03-03 18:00:43,2017-03-03 17:36:04
6606196572189,51682213917,3,73,8,100001,223.104.25.4,2017-03-03 18:18:45,2017-03-03 18:10:19
6606196572237,51682213965,3,58,5,100022,119.62.204.72,2017-03-03 18:22:19,2017-03-03 18:11:02
6598143509027,51556385315,3,65,4,100002,117.136.38.45,2017-03-03 18:39:25,2017-03-03 18:30:16
6610491539465,51749322761,3,6,0,100001,117.86.1.2,2017-03-03 19:17:47,2017-03-03 18:33:49
6598143508717,51556385005,3,81,13,100002,223.104.5.201,2017-03-03 18:46:57,2017-03-03 18:33:55
6609954668559,51740934159,3,30,0,100001,49.88.18.169,2017-03-03 19:02:51,2017-03-03 18:54:02
6600290992235,51589939307,3,53,4,100008,218.18.121.7,2017-03-03 19:12:23,2017-03-03 18:58:45
6602975346754,51631882306,3,60,4,100005,117.150.121.11,2017-03-03 19:17:43,2017-03-03 19:09:12
6609417797645,51732545549,3,27,0,100001,180.105.213.202,2017-03-03 20:00:23,2017-03-03 19:48:01
6608344055941,51715768453,3,49,3,100001,61.158.146.220,2017-03-03 20:46:33,2017-03-03 20:38:49
6609954668575,51740934175,3,24,0,100001,121.34.62.22,2017-03-03 21:30:25,2017-03-03 20:43:48
6606196572237,51682213965,3,58,5,100022,119.62.204.72,2017-03-03 21:35:14,2017-03-03 20:57:55
6607807184907,51707379723,3,60,3,100016,59.46.158.67,2017-03-03 21:21:57,2017-03-03 21:04:41
6608344055898,51715768410,3,57,3,100001,119.51.208.57,2017-03-03 21:34:10,2017-03-03 21:21:45
6607807184907,51707379723,3,60,3,100016,223.104.177.122,2017-03-03 21:59:06,2017-03-03 21:26:28
6606196572237,51682213965,3,58,5,100022,119.62.204.72,2017-03-03 22:27:46,2017-03-03 21:49:42
6609954668555,51740934155,3,13,0,100001,211.161.244.215,2017-03-03 21:58:06,2017-03-03 21:51:28
6606196572189,51682213917,3,73,8,100001,223.104.25.4,2017-03-03 22:13:05,2017-03-03 21:53:39
6602975346754,51631882306,3,60,4,100005,117.136.53.134,2017-03-03 22:16:18,2017-03-03 22:04:43
6598143508662,51556384950,3,84,7,100002,223.104.25.4,2017-03-03 22:15:23,2017-03-03 22:08:03
6610491539466,51749322762,3,1,0,100022,117.89.0.13,2017-03-03 22:18:57,2017-03-03 22:11:19
6609954668550,51740934150,3,28,1,100001,113.128.73.82,2017-03-03 22:21:58,2017-03-03 22:14:19
6610491539461,51749322757,3,4,0,100028,183.46.192.249,2017-03-03 22:21:44,2017-03-03 22:14:58
6598143509027,51556385315,3,65,4,100002,117.136.38.45,2017-03-03 22:31:14,2017-03-03 22:18:43
6610491539466,51749322762,3,1,0,100022,117.89.0.13,2017-03-03 22:25:29,2017-03-03 22:19:03
6598143508717,51556385005,3,81,13,100002,180.159.32.239,2017-03-03 22:38:45,2017-03-03 22:22:17
6606196572237,51682213965,3,58,5,100022,119.62.204.72,2017-03-03 22:57:07,2017-03-03 22:42:35
6598143508717,51556385005,3,81,13,100002,180.159.32.239,2017-03-03 23:22:39,2017-03-03 22:43:07
6610491539467,51749322763,3,1,0,100001,113.222.191.18,2017-03-03 23:36:14,2017-03-03 23:19:27
6601364734046,51606716510,3,66,4,100002,111.193.162.212,2017-03-03 23:47:50,2017-03-03 23:40:35
6598143508662,51556384950,3,84,7,100002,223.104.25.4,2017-03-03 23:54:26,2017-03-03 23:43:59
6602975346754,51631882306,3,60,4,100005,117.150.121.11,2017-03-03 23:53:18,2017-03-03 23:46:30
6606196572189,51682213917,3,73,8,100001,223.104.25.4,2017-03-04 00:14:49,2017-03-03 23:49:34
6609954668570,51740934170,3,14,0,100001,115.234.70.145,2017-03-03 23:57:05,2017-03-03 23:50:09
6598143508662,51556384950,3,84,7,100002,223.104.25.4,2017-03-04 00:21:34,2017-03-04 00:09:44
6609954668563,51740934163,3,29,0,100008,113.94.127.82,2017-03-04 01:01:39,2017-03-04 00:27:30
6607807184901,51707379717,3,60,3,100015,112.26.237.167,2017-03-04 01:25:11,2017-03-04 01:03:55
6606196572237,51682213965,3,58,5,100022,223.104.12.30,2017-03-04 01:16:28,2017-03-04 01:10:05
6599754121226,51581550602,3,73,5,100002,60.181.147.1,2017-03-04 01:52:17,2017-03-04 01:43:12
6600827863054,51598327822,3,32,4,100008,222.87.68.125,2017-03-04 02:05:41,2017-03-04 01:57:46
6610491539468,51749322764,3,1,0,100002,113.14.18.220,2017-03-04 03:15:07,2017-03-04 03:09:56
6602975346754,51631882306,3,60,4,100005,117.150.121.11,2017-03-04 06:18:14,2017-03-04 06:11:06
6601364734046,51606716510,3,66,4,100002,111.193.162.212,2017-03-04 06:58:01,2017-03-04 06:36:47
6607807184901,51707379717,3,60,3,100015,112.26.237.167,2017-03-04 06:56:55,2017-03-04 06:45:23
6610491539465,51749322761,3,13,0,100001,114.232.18.168,2017-03-04 07:09:59,2017-03-04 07:01:47
6606196572237,51682213965,3,58,5,100022,223.104.12.160,2017-03-04 07:20:20,2017-03-04 07:11:11
6610491539465,51749322761,3,13,0,100001,114.232.18.168,2017-03-04 08:10:00,2017-03-04 07:47:46
6606196572189,51682213917,3,73,8,100001,223.104.25.4,2017-03-04 08:16:33,2017-03-04 08:07:23
6601364734046,51606716510,3,66,4,100002,111.193.162.212,2017-03-04 08:58:36,2017-03-04 08:50:52
6606196572189,51682213917,3,73,8,100001,223.104.25.4,2017-03-04 09:22:29,2017-03-04 08:53:39
6598143509027,51556385315,3,66,4,100002,223.104.38.88,2017-03-04 09:26:32,2017-03-04 09:16:32
6598143508662,51556384950,3,84,7,100002,223.104.25.4,2017-03-04 10:26:06,2017-03-04 09:25:22
6609417797645,51732545549,3,27,0,100001,180.127.175.180,2017-03-04 09:57:41,2017-03-04 09:42:27
6609417797648,51732545552,3,34,1,100002,1.81.114.27,2017-03-04 10:34:21,2017-03-04 09:57:15
6608344055898,51715768410,3,58,3,100001,58.244.172.21,2017-03-04 10:56:13,2017-03-04 09:59:56
6606196572189,51682213917,3,74,8,100001,223.104.25.4,2017-03-04 10:40:45,2017-03-04 10:20:56
6598143508662,51556384950,3,84,7,100002,223.104.25.4,2017-03-04 10:38:33,2017-03-04 10:30:20
6606196572189,51682213917,3,74,8,100001,223.104.25.4,2017-03-04 11:09:03,2017-03-04 10:42:15
6606196572189,51682213917,3,74,8,100001,223.104.25.4,2017-03-04 11:16:05,2017-03-04 11:09:14
6598143508662,51556384950,3,84,7,100002,223.104.25.4,2017-03-04 11:21:17,2017-03-04 11:10:47
6606196572178,51682213906,3,51,3,100008,60.182.195.66,2017-03-04 11:49:36,2017-03-04 11:20:19
6609954668575,51740934175,3,25,0,100001,121.34.62.22,2017-03-04 11:42:59,2017-03-04 11:34:09
6601364734059,51606716523,3,51,4,100005,113.140.24.3,2017-03-04 11:45:33,2017-03-04 11:34:26
6610491539469,51749322765,3,1,0,100001,113.66.22.28,2017-03-04 11:57:37,2017-03-04 11:48:51
6610491539469,51749322765,3,2,0,100001,113.66.22.28,2017-03-04 12:29:36,2017-03-04 12:06:04
6598143508662,51556384950,3,84,7,100002,223.104.25.4,2017-03-04 12:33:36,2017-03-04 12:25:43
6609954668574,51740934174,3,6,0,100001,119.139.136.185,2017-03-04 12:33:15,2017-03-04 12:26:22
6606196572189,51682213917,3,74,8,100001,223.104.25.4,2017-03-04 12:49:22,2017-03-04 12:28:22
6598143509027,51556385315,3,66,4,100002,223.104.38.88,2017-03-04 12:38:38,2017-03-04 12:31:39
6606196572178,51682213906,3,51,3,100008,60.182.195.66,2017-03-04 13:17:28,2017-03-04 12:36:56
6598143508662,51556384950,3,84,7,100002,223.104.25.4,2017-03-04 13:06:33,2017-03-04 12:44:10
6602975346754,51631882306,3,60,4,100005,117.136.53.134,2017-03-04 13:04:39,2017-03-04 12:55:06
6599754121226,51581550602,3,73,5,100002,36.23.150.104,2017-03-04 13:27:10,2017-03-04 13:08:29
6609417797645,51732545549,3,28,1,100001,180.127.175.180,2017-03-04 13:48:48,2017-03-04 13:33:09
6601364734046,51606716510,3,66,4,100002,111.193.172.171,2017-03-04 14:11:15,2017-03-04 13:55:12
6609954668554,51740934154,3,26,0,100001,27.45.125.16,2017-03-04 14:13:42,2017-03-04 14:02:26
6608344056000,51715768512,3,28,0,100008,49.77.175.46,2017-03-04 14:18:04,2017-03-04 14:08:35
6606196572178,51682213906,3,52,3,100008,60.182.195.66,2017-03-04 14:56:19,2017-03-04 14:35:53
6610491539470,51749322766,3,1,0,100001,27.156.164.115,2017-03-04 15:03:53,2017-03-04 14:53:03
6600290992235,51589939307,3,53,4,100008,218.18.121.7,2017-03-04 15:12:18,2017-03-04 14:54:06
6598143508662,51556384950,3,84,7,100002,223.104.25.4,2017-03-04 15:29:56,2017-03-04 14:59:42
6609954668555,51740934155,3,13,0,100001,211.161.244.215,2017-03-04 15:17:34,2017-03-04 15:11:16
6606196572189,51682213917,3,74,8,100001,223.104.25.4,2017-03-04 15:41:52,2017-03-04 15:24:48
6609954668554,51740934154,3,26,0,100001,27.45.84.251,2017-03-04 17:02:47,2017-03-04 15:39:13
6608344055941,51715768453,3,49,3,100001,61.158.146.176,2017-03-04 16:27:45,2017-03-04 15:57:06
6610491539471,51749322767,3,1,0,100001,125.78.94.126,2017-03-04 17:05:45,2017-03-04 16:45:29
6606196572189,51682213917,3,74,8,100001,223.104.25.4,2017-03-04 17:28:47,2017-03-04 16:51:41
6606196572237,51682213965,3,59,5,100022,119.62.208.146,2017-03-04 17:07:03,2017-03-04 16:53:53
6607807184907,51707379723,3,60,3,100016,223.104.177.122,2017-03-04 17:11:00,2017-03-04 16:58:10
6600290992138,51589939210,3,69,4,100005,223.104.174.71,2017-03-04 17:13:13,2017-03-04 17:01:11
6609954668563,51740934163,3,30,1,100008,113.94.127.82,2017-03-04 17:48:31,2017-03-04 17:40:23
6601364734046,51606716510,3,66,4,100002,111.193.172.171,2017-03-04 17:56:31,2017-03-04 17:49:23
6601364734046,51606716510,3,66,4,100002,111.193.172.171,2017-03-04 18:06:08,2017-03-04 18:00:02
6602975346754,51631882306,3,60,4,100005,117.150.121.11,2017-03-04 18:07:49,2017-03-04 18:01:13
6606196572237,51682213965,3,59,5,100022,119.62.208.146,2017-03-04 18:16:46,2017-03-04 18:02:51
6601364734046,51606716510,3,66,4,100002,111.193.172.171,2017-03-04 18:25:48,2017-03-04 18:13:30
6609417797645,51732545549,3,28,1,100001,180.127.175.180,2017-03-04 19:12:24,2017-03-04 18:27:24
6598143509027,51556385315,3,66,4,100002,210.78.142.79,2017-03-04 19:36:52,2017-03-04 19:27:40
6610491539472,51749322768,3,1,0,100002,114.224.12.143,2017-03-04 19:38:40,2017-03-04 19:33:38
6609954668560,51740934160,3,8,0,100008,122.97.216.187,2017-03-04 20:10:05,2017-03-04 19:45:59
6601901605007,51615105167,3,62,5,100005,59.55.252.98,2017-03-04 20:04:03,2017-03-04 19:55:49
6600290992235,51589939307,3,54,4,100008,119.136.35.209,2017-03-04 20:17:39,2017-03-04 20:02:38
6609417797639,51732545543,3,15,0,100001,114.246.237.12,2017-03-04 20:45:47,2017-03-04 20:16:08
6608344055843,51715768355,3,51,2,100001,112.44.72.136,2017-03-04 21:36:06,2017-03-04 21:11:18
6606196572189,51682213917,3,74,8,100001,119.86.37.123,2017-03-04 21:18:40,2017-03-04 21:11:29
6598143508662,51556384950,3,84,7,100002,119.86.37.123,2017-03-04 21:50:55,2017-03-04 21:13:26
6607807184900,51707379716,3,36,2,100022,115.235.76.176,2017-03-04 22:08:47,2017-03-04 21:31:20
6598143509027,51556385315,3,66,4,100002,223.104.38.88,2017-03-04 21:40:45,2017-03-04 21:32:01
6606196572189,51682213917,3,74,8,100001,119.86.37.123,2017-03-04 22:13:46,2017-03-04 21:46:09
6609417797639,51732545543,3,21,0,100001,114.246.237.12,2017-03-04 22:20:24,2017-03-04 22:03:08
6598143508662,51556384950,3,84,7,100002,119.86.37.123,2017-03-04 22:21:27,2017-03-04 22:08:50
6601364734046,51606716510,3,67,4,100002,111.193.172.171,2017-03-04 22:19:26,2017-03-04 22:11:58
6609954668563,51740934163,3,30,1,100008,113.94.127.82,2017-03-04 22:34:17,2017-03-04 22:24:41
6609954668567,51740934167,3,1,0,100008,14.197.78.18,2017-03-04 22:47:23,2017-03-04 22:42:10
6609417797639,51732545543,3,22,0,100001,114.246.237.12,2017-03-04 23:36:36,2017-03-04 23:02:09
6609954668550,51740934150,3,28,1,100001,113.128.73.82,2017-03-04 23:17:52,2017-03-04 23:05:56
6609954668570,51740934170,3,14,0,100001,115.234.70.145,2017-03-04 23:31:25,2017-03-04 23:25:00
6609954668560,51740934160,3,10,0,100008,58.210.84.182,2017-03-05 00:01:07,2017-03-04 23:35:22
6607807184901,51707379717,3,60,3,100015,112.26.237.139,2017-03-05 00:54:46,2017-03-04 23:49:52
6609954668570,51740934170,3,14,0,100001,115.234.70.145,2017-03-05 00:39:23,2017-03-05 00:33:07
6602975346754,51631882306,3,60,4,100005,117.150.123.31,2017-03-05 00:47:50,2017-03-05 00:40:39
6606196572237,51682213965,3,59,5,100022,223.104.12.131,2017-03-05 01:02:14,2017-03-05 00:48:03
6600827863054,51598327822,3,32,4,100008,222.87.68.125,2017-03-05 00:57:20,2017-03-05 00:50:28
6599754121272,51581550648,3,71,6,100001,58.253.69.243,2017-03-05 03:14:08,2017-03-05 02:45:35
6601364734046,51606716510,3,67,4,100002,111.193.172.171,2017-03-05 06:59:13,2017-03-05 06:48:24
6606196572237,51682213965,3,59,5,100022,117.136.73.182,2017-03-05 06:58:12,2017-03-05 06:50:37
6607807184901,51707379717,3,60,3,100015,112.26.75.169,2017-03-05 07:55:01,2017-03-05 07:38:49
6610491539473,51749322769,3,1,0,100001,39.168.170.135,2017-03-05 08:16:26,2017-03-05 07:54:16
6602975346754,51631882306,3,60,4,100005,117.150.123.31,2017-03-05 08:05:31,2017-03-05 07:59:30
6599754121226,51581550602,3,73,5,100002,36.23.225.159,2017-03-05 08:28:47,2017-03-05 08:16:43
6600290992138,51589939210,3,69,4,100005,111.75.245.106,2017-03-05 08:25:52,2017-03-05 08:17:45
6610491539474,51749322770,3,1,0,100001,117.152.78.233,2017-03-05 09:39:00,2017-03-05 09:17:05
6598143508662,51556384950,3,84,7,100002,119.86.38.76,2017-03-05 09:59:47,2017-03-05 09:20:46
6609954668565,51740934165,3,7,0,100001,39.77.125.111,2017-03-05 09:33:45,2017-03-05 09:26:10
6598143509027,51556385315,3,66,4,100002,223.104.38.88,2017-03-05 09:48:40,2017-03-05 09:35:21
6601364734046,51606716510,3,67,4,100002,111.193.172.171,2017-03-05 09:56:54,2017-03-05 09:48:30
6606196572189,51682213917,3,74,8,100001,119.86.38.76,2017-03-05 10:35:17,2017-03-05 09:54:45
6609954668563,51740934163,3,30,1,100008,14.149.247.211,2017-03-05 10:38:18,2017-03-05 10:29:39
6598143508662,51556384950,3,84,7,100002,119.86.38.76,2017-03-05 11:04:13,2017-03-05 10:30:23
6609417797648,51732545552,3,35,1,100002,117.34.138.201,2017-03-05 11:54:50,2017-03-05 10:33:25
6610491539475,51749322771,3,1,0,100001,117.139.205.179,2017-03-05 12:30:41,2017-03-05 11:07:27
6610491539476,51749322772,3,1,0,100001,49.80.119.2,2017-03-05 12:59:26,2017-03-05 11:24:28
6601901605007,51615105167,3,62,5,100005,218.95.115.105,2017-03-05 12:18:00,2017-03-05 12:08:03
6608344055941,51715768453,3,50,3,100001,42.229.230.47,2017-03-05 12:39:44,2017-03-05 12:28:40
6609954668554,51740934154,3,27,0,100001,27.45.84.251,2017-03-05 12:57:59,2017-03-05 12:36:40
6598143509027,51556385315,3,66,4,100002,223.104.38.88,2017-03-05 13:03:35,2017-03-05 12:50:56
6609417797648,51732545552,3,37,1,100002,117.34.138.201,2017-03-05 13:37:06,2017-03-05 13:10:11
6600290992235,51589939307,3,54,4,100008,119.136.35.209,2017-03-05 13:48:42,2017-03-05 13:21:00
6608344056000,51715768512,3,29,0,100008,49.77.174.49,2017-03-05 14:08:34,2017-03-05 13:57:05
6610491539477,51749322773,3,1,0,100001,120.5.169.186,2017-03-05 14:29:29,2017-03-05 14:20:20
6598143508662,51556384950,3,84,7,100002,119.86.38.76,2017-03-05 14:51:15,2017-03-05 14:44:20
6606196572189,51682213917,3,74,8,100001,119.86.38.76,2017-03-05 15:24:17,2017-03-05 14:46:22
6610491539465,51749322761,3,14,0,100001,122.192.14.213,2017-03-05 15:09:43,2017-03-05 15:00:38
6601364734059,51606716523,3,52,4,100005,36.40.47.247,2017-03-05 15:15:52,2017-03-05 15:05:47
6606196572178,51682213906,3,52,3,100008,223.104.247.234,2017-03-05 15:32:59,2017-03-05 15:07:36
6609417797645,51732545549,3,29,1,100001,49.88.217.184,2017-03-05 15:27:41,2017-03-05 15:17:04
6598143508662,51556384950,3,84,7,100002,119.86.38.76,2017-03-05 15:37:14,2017-03-05 15:19:18
6608344055898,51715768410,3,58,3,100001,36.48.27.76,2017-03-05 16:18:57,2017-03-05 15:39:36
6600290992138,51589939210,3,69,4,100005,223.104.31.44,2017-03-05 15:51:06,2017-03-05 15:40:37
6610491539478,51749322774,3,1,0,100001,125.32.172.228,2017-03-05 16:06:36,2017-03-05 15:47:03
6606196572178,51682213906,3,52,3,100008,223.104.247.234,2017-03-05 15:58:30,2017-03-05 15:50:31
6610491539479,51749322775,3,1,0,100028,125.126.50.11,2017-03-05 16:40:40,2017-03-05 16:33:34
6610491539478,51749322774,3,5,0,100001,125.32.172.228,2017-03-05 17:11:39,2017-03-05 17:02:19
6601364734046,51606716510,3,67,4,100002,111.193.172.171,2017-03-05 17:25:41,2017-03-05 17:14:48
6606196572237,51682213965,3,59,5,100022,119.62.205.110,2017-03-05 17:30:02,2017-03-05 17:16:16
6602975346754,51631882306,3,60,4,100005,117.136.53.210,2017-03-05 17:26:19,2017-03-05 17:19:27
6608344055965,51715768477,3,28,1,100004,223.208.71.13,2017-03-05 18:07:16,2017-03-05 17:57:12
6610491539473,51749322769,3,5,0,100001,39.179.76.219,2017-03-05 18:08:45,2017-03-05 18:02:41
6608344055965,51715768477,3,28,1,100004,223.208.71.13,2017-03-05 18:43:52,2017-03-05 18:38:15
6608344055898,51715768410,3,58,3,100001,36.48.27.76,2017-03-05 19:42:27,2017-03-05 19:14:44
6598143508717,51556385005,3,81,13,100002,180.157.67.42,2017-03-05 19:51:24,2017-03-05 19:36:29
6598143509027,51556385315,3,66,4,100002,223.104.38.146,2017-03-05 19:47:42,2017-03-05 19:39:10
6607807184907,51707379723,3,60,3,100016,223.104.177.122,2017-03-05 21:03:21,2017-03-05 19:47:53
6609954668570,51740934170,3,14,0,100001,115.234.69.81,2017-03-05 20:05:21,2017-03-05 19:57:12
6600290992138,51589939210,3,69,4,100005,117.170.78.81,2017-03-05 20:23:23,2017-03-05 20:13:33
6609954668575,51740934175,3,25,0,100001,121.34.62.198,2017-03-05 20:33:39,2017-03-05 20:26:17
6606196572178,51682213906,3,52,3,100008,223.104.247.234,2017-03-05 21:13:31,2017-03-05 20:36:15
6609417797639,51732545543,3,23,0,100001,117.136.38.182,2017-03-05 21:17:53,2017-03-05 20:58:45
6607807184907,51707379723,3,60,3,100016,223.104.177.122,2017-03-05 21:52:41,2017-03-05 21:28:52
6608344055898,51715768410,3,58,3,100001,124.235.186.252,2017-03-05 22:03:51,2017-03-05 21:30:21
6606196572237,51682213965,3,59,5,100022,119.62.205.110,2017-03-05 21:55:00,2017-03-05 21:34:32
6598143509027,51556385315,3,66,4,100002,223.104.38.146,2017-03-05 22:03:16,2017-03-05 21:51:12
6608344055941,51715768453,3,50,3,100001,183.205.8.53,2017-03-05 22:17:15,2017-03-05 21:53:34
6601364734046,51606716510,3,67,4,100002,111.193.172.171,2017-03-05 22:23:55,2017-03-05 22:13:00
6609954668554,51740934154,3,28,1,100001,219.130.174.8,2017-03-05 22:31:52,2017-03-05 22:20:37
6600290992138,51589939210,3,69,4,100005,223.104.31.44,2017-03-05 22:30:20,2017-03-05 22:21:59
6598143508662,51556384950,3,84,7,100002,119.86.38.76,2017-03-05 22:59:16,2017-03-05 22:36:46
6606196572189,51682213917,3,74,8,100001,119.86.38.76,2017-03-05 23:13:16,2017-03-05 22:54:13
6609954668563,51740934163,3,30,1,100008,14.113.222.37,2017-03-05 23:18:28,2017-03-05 22:59:36
6598143508662,51556384950,3,84,7,100002,119.86.38.76,2017-03-05 23:23:35,2017-03-05 23:07:56
6602975346754,51631882306,3,60,4,100005,117.150.112.2,2017-03-05 23:40:52,2017-03-05 23:30:07
6610491539476,51749322772,3,8,0,100001,49.80.109.248,2017-03-06 00:12:32,2017-03-06 00:07:05
6606196572237,51682213965,3,59,5,100022,119.62.205.110,2017-03-06 00:16:25,2017-03-06 00:08:15
6609954668565,51740934165,3,7,0,100001,27.219.157.235,2017-03-06 00:28:33,2017-03-06 00:21:17
6609954668570,51740934170,3,14,0,100001,115.234.69.81,2017-03-06 01:13:52,2017-03-06 01:07:07
6600827863054,51598327822,3,32,4,100008,106.32.168.54,2017-03-06 01:43:12,2017-03-06 01:35:54
6607807184901,51707379717,3,61,3,100015,112.26.75.171,2017-03-06 03:03:02,2017-03-06 02:39:05
6606196572237,51682213965,3,59,5,100022,223.104.12.254,2017-03-06 06:24:01,2017-03-06 06:17:21
6601364734046,51606716510,3,67,4,100002,111.193.172.171,2017-03-06 06:31:11,2017-03-06 06:19:26
6608344055941,51715768453,3,50,3,100001,223.104.109.236,2017-03-06 06:41:38,2017-03-06 06:23:43
6609954668565,51740934165,3,7,0,100001,117.136.92.88,2017-03-06 06:56:16,2017-03-06 06:50:06
6602975346754,51631882306,3,60,4,100005,117.150.112.2,2017-03-06 07:17:29,2017-03-06 07:09:54
6606196572178,51682213906,3,52,3,100008,223.104.247.234,2017-03-06 08:16:30,2017-03-06 07:37:57
6599754121272,51581550648,3,71,6,100001,117.136.41.117,2017-03-06 08:14:37,2017-03-06 07:50:39
6609417797639,51732545543,3,23,1,100001,114.242.249.203,2017-03-06 08:32:26,2017-03-06 07:55:56
6598143508662,51556384950,3,84,7,100002,223.104.25.229,2017-03-06 08:52:17,2017-03-06 08:26:12
6607807184901,51707379717,3,61,3,100015,36.62.233.27,2017-03-06 09:18:47,2017-03-06 09:05:15
6598143509027,51556385315,3,66,4,100002,223.104.38.146,2017-03-06 09:34:14,2017-03-06 09:25:36
6598143508662,51556384950,3,85,7,100002,223.104.25.229,2017-03-06 09:44:46,2017-03-06 09:29:43
6606196572189,51682213917,3,74,8,100001,223.104.25.229,2017-03-06 10:25:55,2017-03-06 09:39:46
6598143508662,51556384950,3,85,7,100002,223.104.25.229,2017-03-06 10:41:58,2017-03-06 10:20:37
6608344055941,51715768453,3,50,3,100001,223.104.109.212,2017-03-06 10:47:04,2017-03-06 10:31:44
6601901605007,51615105167,3,62,5,100005,59.55.254.1,2017-03-06 11:08:50,2017-03-06 10:51:28
6609954668574,51740934174,3,6,0,100001,119.139.136.1,2017-03-06 11:18:43,2017-03-06 11:11:46
6601364734059,51606716523,3,52,4,100005,113.140.24.3,2017-03-06 11:35:48,2017-03-06 11:14:52
6608344055898,51715768410,3,59,3,100001,111.26.33.228,2017-03-06 11:30:53,2017-03-06 11:21:50
6607807184901,51707379717,3,61,3,100015,117.136.101.24,2017-03-06 11:35:46,2017-03-06 11:29:50
6600290992138,51589939210,3,69,4,100005,223.104.31.136,2017-03-06 12:13:05,2017-03-06 12:03:45
6609954668554,51740934154,3,28,1,100001,219.130.174.8,2017-03-06 12:15:17,2017-03-06 12:05:45
6598143508662,51556384950,3,85,7,100002,223.104.25.229,2017-03-06 12:32:42,2017-03-06 12:16:27
6602975346754,51631882306,3,60,4,100005,117.136.53.148,2017-03-06 12:28:52,2017-03-06 12:22:14
6599754121226,51581550602,3,73,5,100002,36.23.43.195,2017-03-06 12:37:13,2017-03-06 12:22:24
6609417797639,51732545543,3,24,1,100001,117.136.38.182,2017-03-06 12:32:25,2017-03-06 12:26:14
6606196572189,51682213917,3,74,8,100001,223.104.25.229,2017-03-06 12:45:55,2017-03-06 12:27:38
6598143508662,51556384950,3,85,7,100002,223.104.25.229,2017-03-06 13:34:35,2017-03-06 12:41:03
6600290992235,51589939307,3,54,4,100008,119.136.35.209,2017-03-06 13:17:46,2017-03-06 12:42:28
6609417797639,51732545543,3,24,1,100001,117.136.38.182,2017-03-06 12:48:38,2017-03-06 12:42:56
6609417797648,51732545552,3,37,1,100002,1.81.88.7,2017-03-06 13:05:27,2017-03-06 12:57:41
6609417797648,51732545552,3,37,1,100002,1.81.88.7,2017-03-06 13:32:03,2017-03-06 13:10:14
6609417797639,51732545543,3,25,1,100001,117.136.38.182,2017-03-06 13:19:00,2017-03-06 13:13:30
6609954668570,51740934170,3,14,0,100001,115.234.69.81,2017-03-06 13:26:06,2017-03-06 13:18:33
6598143509027,51556385315,3,66,4,100002,223.104.38.146,2017-03-06 13:38:44,2017-03-06 13:32:26
6609954668549,51740934149,3,27,0,100008,112.5.237.117,2017-03-06 14:23:55,2017-03-06 14:12:36
6606196572178,51682213906,3,53,3,100008,223.104.247.234,2017-03-06 15:33:46,2017-03-06 14:52:16
6607807184907,51707379723,3,60,3,100016,223.104.177.122,2017-03-06 16:24:57,2017-03-06 15:58:33
6598143508662,51556384950,3,85,7,100002,223.104.25.229,2017-03-06 17:19:47,2017-03-06 16:49:56
6606196572178,51682213906,3,53,3,100008,223.104.247.234,2017-03-06 17:10:50,2017-03-06 17:02:35
6606196572237,51682213965,3,59,5,100022,119.62.209.131,2017-03-06 17:48:58,2017-03-06 17:35:02
6609417797639,51732545543,3,25,1,100001,117.136.38.182,2017-03-06 18:17:45,2017-03-06 18:09:53
6598143509027,51556385315,3,66,4,100002,223.104.38.146,2017-03-06 19:09:29,2017-03-06 19:00:08
6601364734046,51606716510,3,67,4,100002,111.193.172.171,2017-03-06 19:17:12,2017-03-06 19:09:51
6609954668549,51740934149,3,28,1,100008,112.5.237.117,2017-03-06 19:24:10,2017-03-06 19:14:08
6609954668575,51740934175,3,25,0,100001,183.1.4.28,2017-03-06 20:04:21,2017-03-06 19:25:18
6598143508662,51556384950,3,85,7,100002,119.86.38.76,2017-03-06 19:54:13,2017-03-06 19:48:13
6606196572189,51682213917,3,74,8,100001,119.86.38.76,2017-03-06 19:54:42,2017-03-06 19:48:55
6606196572237,51682213965,3,59,5,100022,119.62.209.131,2017-03-06 20:05:09,2017-03-06 19:54:09
6606196572178,51682213906,3,53,3,100008,223.104.247.234,2017-03-06 20:32:25,2017-03-06 20:22:51
6608344056000,51715768512,3,29,1,100008,49.77.173.127,2017-03-06 20:45:45,2017-03-06 20:35:36
6606196572189,51682213917,3,74,8,100001,119.86.38.76,2017-03-06 20:53:30,2017-03-06 20:39:28
6598143508662,51556384950,3,85,7,100002,119.86.38.76,2017-03-06 21:40:02,2017-03-06 20:48:42
6606196572237,51682213965,3,59,5,100022,119.62.209.131,2017-03-06 21:23:53,2017-03-06 21:07:31
6609417797639,51732545543,3,25,1,100001,117.136.38.182,2017-03-06 21:24:59,2017-03-06 21:15:03
6609954668554,51740934154,3,28,1,100001,219.130.174.8,2017-03-06 21:32:46,2017-03-06 21:25:51
6606196572189,51682213917,3,74,8,100001,119.86.38.76,2017-03-06 22:32:46,2017-03-06 21:35:27
6609417797639,51732545543,3,25,1,100001,117.136.38.182,2017-03-06 21:52:19,2017-03-06 21:37:03
6598143509027,51556385315,3,66,4,100002,223.104.38.146,2017-03-06 22:11:12,2017-03-06 21:57:42
6608344055941,51715768453,3,50,3,100001,42.229.230.47,2017-03-06 22:19:59,2017-03-06 22:09:31
6600290992138,51589939210,3,69,4,100005,223.83.67.170,2017-03-06 22:25:51,2017-03-06 22:12:31
6610491539480,51749322776,3,1,0,100001,39.184.171.110,2017-03-06 22:46:04,2017-03-06 22:22:59
6598143508662,51556384950,3,85,7,100002,119.86.38.76,2017-03-06 22:49:29,2017-03-06 22:28:01
6609417797639,51732545543,3,25,1,100001,117.136.38.182,2017-03-06 22:41:27,2017-03-06 22:33:24
6610491539476,51749322772,3,8,0,100001,49.80.109.248,2017-03-06 23:19:28,2017-03-06 23:13:49
6602975346754,51631882306,3,60,4,100005,117.150.124.123,2017-03-06 23:26:48,2017-03-06 23:15:25
6601364734046,51606716510,3,67,4,100002,111.199.156.63,2017-03-06 23:31:54,2017-03-06 23:21:27
6608344055898,51715768410,3,59,3,100001,111.26.33.237,2017-03-07 00:22:53,2017-03-06 23:25:28
6601364734046,51606716510,3,67,4,100002,111.199.156.63,2017-03-06 23:41:59,2017-03-06 23:32:18
6606196572237,51682213965,3,59,5,100022,119.62.209.131,2017-03-07 00:07:03,2017-03-07 00:00:55
6608344055941,51715768453,3,50,3,100001,42.229.230.47,2017-03-07 00:18:13,2017-03-07 00:12:01
6609954668555,51740934155,3,13,0,100001,211.161.244.215,2017-03-07 00:55:10,2017-03-07 00:32:31
6600827863054,51598327822,3,32,4,100008,106.32.168.54,2017-03-07 01:10:00,2017-03-07 01:03:01
6607807184907,51707379723,3,60,3,100016,223.104.177.122,2017-03-07 02:33:25,2017-03-07 02:01:41
6599754121272,51581550648,3,71,6,100001,117.136.41.117,2017-03-07 02:47:55,2017-03-07 02:18:19
6607807184901,51707379717,3,61,3,100015,112.26.237.173,2017-03-07 05:38:36,2017-03-07 02:36:56
6608344055941,51715768453,3,50,3,100001,223.104.109.60,2017-03-07 07:14:25,2017-03-07 06:51:14
6601364734046,51606716510,3,67,4,100002,111.199.156.63,2017-03-07 07:03:23,2017-03-07 06:55:29
6602975346754,51631882306,3,60,4,100005,117.150.124.123,2017-03-07 07:20:17,2017-03-07 07:13:27
6609417797639,51732545543,3,25,1,100001,124.207.209.114,2017-03-07 08:18:03,2017-03-07 08:08:39
6598143508662,51556384950,3,85,7,100002,223.104.25.229,2017-03-07 08:56:11,2017-03-07 08:45:41
6607807184907,51707379723,3,60,3,100016,223.104.177.122,2017-03-07 10:18:00,2017-03-07 09:05:47
6607807184901,51707379717,3,61,3,100015,112.26.237.173,2017-03-07 09:52:04,2017-03-07 09:36:18
6608344055898,51715768410,3,59,3,100001,223.104.16.32,2017-03-07 10:00:52,2017-03-07 09:48:06
6598143508662,51556384950,3,85,7,100002,223.104.25.229,2017-03-07 10:26:29,2017-03-07 10:17:34
6606196572189,51682213917,3,74,8,100001,223.104.25.229,2017-03-07 10:33:42,2017-03-07 10:21:36
6606196572189,51682213917,3,74,8,100001,223.104.25.229,2017-03-07 10:44:33,2017-03-07 10:34:11
6601364734046,51606716510,3,67,4,100002,111.199.75.240,2017-03-07 11:02:47,2017-03-07 10:46:35
6606196572189,51682213917,3,74,8,100001,223.104.25.229,2017-03-07 10:59:18,2017-03-07 10:47:37
6606196572189,51682213917,3,74,8,100001,223.104.25.229,2017-03-07 11:21:25,2017-03-07 11:04:15
6606196572247,51682213975,3,63,5,100005,223.104.20.165,2017-03-07 11:57:14,2017-03-07 11:49:36
6606196572189,51682213917,3,74,8,100001,223.104.25.229,2017-03-07 12:36:24,2017-03-07 12:17:33
6609417797639,51732545543,3,25,1,100001,124.207.209.114,2017-03-07 12:30:15,2017-03-07 12:23:02
6598143508662,51556384950,3,85,7,100002,223.104.25.229,2017-03-07 12:53:03,2017-03-07 12:31:28
6606196572178,51682213906,3,53,3,100008,223.104.247.234,2017-03-07 13:00:39,2017-03-07 12:33:07
6606196572189,51682213917,3,74,8,100001,223.104.25.229,2017-03-07 12:57:22,2017-03-07 12:47:43
6609417797648,51732545552,3,38,1,100002,124.114.49.140,2017-03-07 13:38:24,2017-03-07 13:15:05
6598143509027,51556385315,3,66,4,100002,223.104.38.146,2017-03-07 13:42:10,2017-03-07 13:33:53
6600290992235,51589939307,3,54,4,100008,218.18.121.212,2017-03-07 14:33:39,2017-03-07 14:09:51
6610491539481,51749322777,3,1,0,100028,183.26.176.200,2017-03-07 15:41:25,2017-03-07 15:00:39
6606196572178,51682213906,3,53,3,100008,223.104.247.234,2017-03-07 15:17:36,2017-03-07 15:02:39
6599754121272,51581550648,3,71,6,100001,117.136.41.117,2017-03-07 15:25:28,2017-03-07 15:18:36
6600290992138,51589939210,3,69,4,100005,106.6.93.18,2017-03-07 15:44:37,2017-03-07 15:34:32
6601364734046,51606716510,3,67,4,100002,111.199.75.240,2017-03-07 16:29:10,2017-03-07 16:19:21
6606196572237,51682213965,3,59,5,100022,119.62.204.90,2017-03-07 16:52:38,2017-03-07 16:38:48
6608344055941,51715768453,3,51,3,100001,61.158.146.213,2017-03-07 18:03:17,2017-03-07 17:49:34
6609417797639,51732545543,3,25,1,100001,124.207.209.114,2017-03-07 19:52:18,2017-03-07 18:22:03
6606196572237,51682213965,3,59,5,100022,119.62.204.90,2017-03-07 18:36:59,2017-03-07 18:23:54
6598143509027,51556385315,3,67,4,100002,223.104.38.146,2017-03-07 19:22:06,2017-03-07 19:12:31
6600290992235,51589939307,3,55,4,100008,218.18.121.212,2017-03-07 20:10:05,2017-03-07 19:45:19
6608344055898,51715768410,3,59,3,100001,49.221.18.37,2017-03-07 20:36:29,2017-03-07 19:49:11
6606196572178,51682213906,3,53,3,100008,223.104.247.234,2017-03-07 20:33:12,2017-03-07 19:59:30
6609417797639,51732545543,3,28,1,100001,124.207.209.114,2017-03-07 20:20:10,2017-03-07 20:01:02
6601364734046,51606716510,3,67,4,100002,123.113.158.228,2017-03-07 20:18:48,2017-03-07 20:10:11
6609954668570,51740934170,3,14,1,100001,115.234.67.59,2017-03-07 20:23:36,2017-03-07 20:16:32
6607807184907,51707379723,3,61,3,100016,59.46.158.67,2017-03-07 20:45:39,2017-03-07 20:27:30
6607807184907,51707379723,3,61,3,100016,223.104.177.122,2017-03-07 21:10:44,2017-03-07 20:59:06
6606196572178,51682213906,3,53,3,100008,223.104.247.234,2017-03-07 21:29:27,2017-03-07 21:09:15
6610491539482,51749322778,3,1,0,100001,117.136.66.159,2017-03-07 21:30:06,2017-03-07 21:25:04
6601364734058,51606716522,3,47,3,100005,36.63.179.51,2017-03-07 22:23:50,2017-03-07 21:37:12
6598143509027,51556385315,3,67,4,100002,223.104.38.146,2017-03-07 21:55:24,2017-03-07 21:43:03
6599754121226,51581550602,3,74,5,100002,36.23.33.127,2017-03-07 22:07:28,2017-03-07 21:53:15
6606196572189,51682213917,3,74,8,100001,119.86.39.214,2017-03-07 22:14:59,2017-03-07 21:53:51
6598143508662,51556384950,3,85,7,100002,119.86.39.214,2017-03-07 22:59:42,2017-03-07 22:09:55
6609417797648,51732545552,3,38,1,100002,117.34.143.163,2017-03-07 22:49:04,2017-03-07 22:39:11
6601364734046,51606716510,3,67,4,100002,123.113.158.228,2017-03-07 22:56:44,2017-03-07 22:48:17
6606196572189,51682213917,3,74,8,100001,119.86.39.214,2017-03-07 23:22:24,2017-03-07 22:54:31
6600290992138,51589939210,3,69,4,100005,223.104.31.12,2017-03-07 23:13:06,2017-03-07 23:04:40
6601364734059,51606716523,3,52,4,100005,36.40.35.162,2017-03-07 23:15:40,2017-03-07 23:07:12
6609954668563,51740934163,3,30,1,100008,113.94.69.27,2017-03-07 23:33:58,2017-03-07 23:19:22
6602975346754,51631882306,3,60,4,100005,117.150.115.136,2017-03-08 00:06:31,2017-03-07 23:58:27
6606196572237,51682213965,3,59,5,100022,119.62.204.90,2017-03-08 00:11:31,2017-03-08 00:04:15
6610491539483,51749322779,3,1,0,100005,27.20.41.10,2017-03-08 00:12:18,2017-03-08 00:06:35
6609417797639,51732545543,3,28,1,100001,124.207.209.114,2017-03-08 01:14:05,2017-03-08 01:08:39
6600827863054,51598327822,3,32,4,100008,111.121.217.212,2017-03-08 01:22:00,2017-03-08 01:14:59
6601901605007,51615105167,3,63,5,100005,59.55.255.133,2017-03-08 02:26:28,2017-03-08 02:13:33
6607807184907,51707379723,3,61,3,100016,59.46.158.67,2017-03-08 02:54:43,2017-03-08 02:31:43
6607807184900,51707379716,3,36,2,100022,115.218.203.12,2017-03-08 06:58:06,2017-03-08 06:52:07
6609954668555,51740934155,3,16,0,100001,211.161.244.215,2017-03-08 07:34:47,2017-03-08 07:14:01
6609417797639,51732545543,3,28,1,100001,61.148.244.126,2017-03-08 07:50:48,2017-03-08 07:35:23
6601364734046,51606716510,3,67,4,100002,123.113.158.228,2017-03-08 07:54:50,2017-03-08 07:46:26
6602975346754,51631882306,3,60,4,100005,117.136.53.212,2017-03-08 07:54:01,2017-03-08 07:46:46
6606196572178,51682213906,3,53,3,100008,223.104.247.234,2017-03-08 08:15:14,2017-03-08 08:03:07
6599754121272,51581550648,3,71,6,100001,117.136.79.191,2017-03-08 08:44:59,2017-03-08 08:30:00
6606196572189,51682213917,3,74,8,100001,223.104.25.224,2017-03-08 08:40:02,2017-03-08 08:32:30
6598143508662,51556384950,3,85,7,100002,223.104.25.224,2017-03-08 08:42:59,2017-03-08 08:34:58
6598143508662,51556384950,3,85,7,100002,223.104.25.224,2017-03-08 09:18:17,2017-03-08 08:59:49
6608344055941,51715768453,3,51,3,100001,223.104.109.103,2017-03-08 09:55:29,2017-03-08 09:37:15
6607807184901,51707379717,3,61,3,100015,112.26.75.160,2017-03-08 11:02:36,2017-03-08 10:01:25
6598143508662,51556384950,3,85,7,100002,223.104.25.224,2017-03-08 10:18:58,2017-03-08 10:11:18
6606196572189,51682213917,3,74,8,100001,223.104.25.224,2017-03-08 11:01:26,2017-03-08 10:13:48
6608344055898,51715768410,3,59,3,100001,61.138.184.170,2017-03-08 10:30:45,2017-03-08 10:17:27
6598143508662,51556384950,3,85,7,100002,223.104.25.224,2017-03-08 11:09:32,2017-03-08 10:56:13
6606196572189,51682213917,3,75,8,100001,223.104.25.224,2017-03-08 11:12:28,2017-03-08 11:04:36
6600290992138,51589939210,3,69,4,100005,117.170.77.70,2017-03-08 11:27:30,2017-03-08 11:09:07
6609417797639,51732545543,3,28,1,100001,61.148.244.126,2017-03-08 11:20:28,2017-03-08 11:10:39
6608344055941,51715768453,3,51,3,100001,61.158.146.159,2017-03-08 11:54:30,2017-03-08 11:35:48
6609417797648,51732545552,3,39,1,100002,124.114.49.62,2017-03-08 12:19:30,2017-03-08 11:49:02
6602975346754,51631882306,3,60,4,100005,117.136.53.212,2017-03-08 12:20:31,2017-03-08 12:14:03
6606196572189,51682213917,3,75,8,100001,223.104.25.224,2017-03-08 12:28:23,2017-03-08 12:22:07
6598143508662,51556384950,3,85,7,100002,223.104.25.224,2017-03-08 12:42:28,2017-03-08 12:23:18
6606196572178,51682213906,3,53,3,100008,223.104.247.234,2017-03-08 13:04:42,2017-03-08 12:31:14
6609417797639,51732545543,3,28,1,100001,117.136.0.237,2017-03-08 12:42:39,2017-03-08 12:31:39
6609954668550,51740934150,3,29,1,100001,113.128.73.82,2017-03-08 12:44:09,2017-03-08 12:37:13
6606196572189,51682213917,3,75,8,100001,223.104.25.224,2017-03-08 12:51:22,2017-03-08 12:37:33
6600290992235,51589939307,3,55,4,100008,218.18.121.212,2017-03-08 13:02:01,2017-03-08 12:42:15
6598143508662,51556384950,3,85,7,100002,223.104.25.224,2017-03-08 13:05:12,2017-03-08 12:46:17
6609417797639,51732545543,3,28,1,100001,61.148.242.184,2017-03-08 14:04:45,2017-03-08 13:13:41
6598143509027,51556385315,3,67,4,100002,117.136.38.82,2017-03-08 13:21:37,2017-03-08 13:13:45
6601364734059,51606716523,3,52,4,100005,113.140.24.5,2017-03-08 15:12:21,2017-03-08 15:02:06
6609417797639,51732545543,3,29,1,100001,61.148.244.179,2017-03-08 15:14:24,2017-03-08 15:04:56
6606196572178,51682213906,3,54,3,100008,223.104.247.234,2017-03-08 15:49:13,2017-03-08 15:38:43
6601364734046,51606716510,3,67,4,100002,114.250.255.76,2017-03-08 15:51:24,2017-03-08 15:42:26
6606196572237,51682213965,3,60,5,100022,119.62.204.221,2017-03-08 17:07:01,2017-03-08 16:53:57
6606196572237,51682213965,3,60,5,100022,119.62.204.221,2017-03-08 18:17:17,2017-03-08 18:05:03
6609417797639,51732545543,3,29,1,100001,124.207.209.114,2017-03-08 19:30:05,2017-03-08 18:27:26
6607807184907,51707379723,3,61,3,100016,223.104.177.122,2017-03-08 19:02:07,2017-03-08 18:51:13
6600290992235,51589939307,3,55,4,100008,218.18.121.212,2017-03-08 19:01:55,2017-03-08 18:54:32
6601364734058,51606716522,3,48,3,100005,36.63.179.51,2017-03-08 19:21:12,2017-03-08 19:06:09
6609954668550,51740934150,3,29,1,100001,123.233.169.52,2017-03-08 19:25:38,2017-03-08 19:19:37
6598143509027,51556385315,3,67,4,100002,117.136.38.82,2017-03-08 19:31:29,2017-03-08 19:21:00
6598143508717,51556385005,3,81,13,100002,223.104.5.230,2017-03-08 20:03:15,2017-03-08 19:38:22
6608344055974,51715768486,3,5,0,100001,110.81.184.77,2017-03-08 20:02:47,2017-03-08 19:54:19
6611028410369,51757711361,3,1,0,100028,112.111.214.160,2017-03-08 20:13:55,2017-03-08 20:05:50
6598143508662,51556384950,3,85,7,100002,119.86.39.214,2017-03-08 20:50:09,2017-03-08 20:28:20
6600290992138,51589939210,3,69,4,100005,223.83.65.148,2017-03-08 20:50:58,2017-03-08 20:41:46
6606196572189,51682213917,3,75,8,100001,119.86.39.214,2017-03-08 21:23:31,2017-03-08 20:45:09
6609417797639,51732545543,3,30,1,100001,117.136.38.235,2017-03-08 21:00:31,2017-03-08 20:55:17
6606196572178,51682213906,3,54,3,100008,223.104.247.234,2017-03-08 21:37:59,2017-03-08 21:18:17
6598143508662,51556384950,3,85,7,100002,119.86.39.214,2017-03-08 21:29:58,2017-03-08 21:18:32
6598143509027,51556385315,3,67,4,100002,117.136.38.82,2017-03-08 21:36:09,2017-03-08 21:22:13
6606196572189,51682213917,3,75,8,100001,119.86.39.214,2017-03-08 22:06:11,2017-03-08 21:24:52
6607807184900,51707379716,3,36,2,100022,115.235.115.26,2017-03-08 21:39:19,2017-03-08 21:33:55
6608344055898,51715768410,3,59,3,100001,223.104.16.32,2017-03-08 23:28:36,2017-03-08 22:00:12
6609954668550,51740934150,3,29,1,100001,113.128.73.82,2017-03-08 22:27:24,2017-03-08 22:13:00
6601364734046,51606716510,3,67,4,100002,114.250.255.76,2017-03-08 23:03:30,2017-03-08 22:51:11
6609954668563,51740934163,3,31,1,100008,14.208.143.61,2017-03-08 23:25:42,2017-03-08 23:12:08
6611028410370,51757711362,3,1,0,100001,180.157.27.89,2017-03-08 23:47:41,2017-03-08 23:37:18
6609954668570,51740934170,3,14,1,100001,117.136.8.64,2017-03-09 00:05:50,2017-03-08 23:59:38
6606196572237,51682213965,3,60,5,100022,119.62.204.221,2017-03-09 00:15:46,2017-03-09 00:02:05
6600827863054,51598327822,3,32,4,100008,111.121.217.212,2017-03-09 01:08:23,2017-03-09 01:02:08
6600290992176,51589939248,3,39,3,100005,183.151.64.88,2017-03-09 02:14:03,2017-03-09 02:00:11
6607807184901,51707379717,3,61,3,100015,117.136.103.158,2017-03-09 02:22:14,2017-03-09 02:05:15
6607807184907,51707379723,3,61,3,100016,59.46.158.67,2017-03-09 03:37:21,2017-03-09 02:52:35
6606196572178,51682213906,3,54,3,100008,223.104.247.234,2017-03-09 06:53:29,2017-03-09 06:34:20
6601364734046,51606716510,3,67,4,100002,111.199.158.47,2017-03-09 07:26:40,2017-03-09 07:17:17
6602975346754,51631882306,3,60,4,100005,117.150.124.196,2017-03-09 07:26:41,2017-03-09 07:18:49
6606196572178,51682213906,3,54,3,100008,223.104.247.234,2017-03-09 07:33:37,2017-03-09 07:24:21
6599754121226,51581550602,3,74,5,100002,36.23.167.93,2017-03-09 07:50:21,2017-03-09 07:36:15
6606196572178,51682213906,3,54,3,100008,223.104.247.234,2017-03-09 08:15:28,2017-03-09 07:59:45
6601364734046,51606716510,3,67,4,100002,111.199.158.47,2017-03-09 08:30:41,2017-03-09 08:20:44
6599754121226,51581550602,3,74,5,100002,36.23.167.93,2017-03-09 08:54:07,2017-03-09 08:37:08
6609417797639,51732545543,3,30,1,100001,114.242.250.116,2017-03-09 09:17:11,2017-03-09 08:40:30
6606196572189,51682213917,3,75,8,100001,223.104.25.239,2017-03-09 09:04:17,2017-03-09 08:55:58
6608344055898,51715768410,3,60,3,100001,223.104.16.44,2017-03-09 09:26:14,2017-03-09 09:12:53
6607807184901,51707379717,3,61,3,100015,112.26.237.65,2017-03-09 09:36:02,2017-03-09 09:19:24
6609417797639,51732545543,3,30,1,100001,114.242.250.116,2017-03-09 09:35:20,2017-03-09 09:26:17
6609417797639,51732545543,3,30,1,100001,114.242.250.116,2017-03-09 09:49:28,2017-03-09 09:36:49
6607807184901,51707379717,3,61,3,100015,112.26.237.65,2017-03-09 09:58:44,2017-03-09 09:44:15
6608344055898,51715768410,3,60,3,100001,223.104.16.44,2017-03-09 10:20:16,2017-03-09 09:51:55
6609417797639,51732545543,3,30,1,100001,114.242.250.116,2017-03-09 10:15:06,2017-03-09 09:54:15
6609417797639,51732545543,3,31,1,100001,114.242.250.116,2017-03-09 10:34:59,2017-03-09 10:23:20
6608344055898,51715768410,3,60,3,100001,223.104.16.44,2017-03-09 10:51:44,2017-03-09 10:29:01
6606196572189,51682213917,3,75,8,100001,223.104.25.239,2017-03-09 10:46:59,2017-03-09 10:31:02
6598143508662,51556384950,3,85,7,100002,223.104.25.239,2017-03-09 10:54:22,2017-03-09 10:41:54
6609417797639,51732545543,3,31,1,100001,124.207.209.114,2017-03-09 10:50:26,2017-03-09 10:43:47
6609417797639,51732545543,3,31,1,100001,114.242.250.116,2017-03-09 11:00:54,2017-03-09 10:54:16
6598143508662,51556384950,3,85,7,100002,223.104.25.239,2017-03-09 11:24:15,2017-03-09 11:07:34
6606196572189,51682213917,3,75,8,100001,223.104.25.239,2017-03-09 11:29:50,2017-03-09 11:19:15
6609417797639,51732545543,3,31,1,100001,124.207.209.114,2017-03-09 11:35:52,2017-03-09 11:26:15
6611028410371,51757711363,3,1,0,100002,182.147.65.33,2017-03-09 12:01:12,2017-03-09 11:53:29
6598143508662,51556384950,3,85,7,100002,223.104.25.239,2017-03-09 12:53:32,2017-03-09 12:30:47
6606196572189,51682213917,3,75,8,100001,223.104.25.239,2017-03-09 13:01:50,2017-03-09 12:48:31
6611028410372,51757711364,3,1,0,100001,124.116.220.146,2017-03-09 13:10:17,2017-03-09 13:02:03
6609417797639,51732545543,3,31,1,100001,114.242.250.116,2017-03-09 13:16:47,2017-03-09 13:06:12
6609417797639,51732545543,3,31,1,100001,114.242.250.116,2017-03-09 13:23:09,2017-03-09 13:17:46
6608344055941,51715768453,3,51,3,100001,61.158.147.248,2017-03-09 13:40:57,2017-03-09 13:26:33
6600290992235,51589939307,3,55,4,100008,218.18.121.122,2017-03-09 14:17:36,2017-03-09 13:44:50
6598143509027,51556385315,3,67,4,100002,117.136.38.32,2017-03-09 13:53:54,2017-03-09 13:48:06
6601364734059,51606716523,3,52,4,100005,113.140.24.5,2017-03-09 14:26:12,2017-03-09 14:13:17
6601901605007,51615105167,3,63,5,100005,59.55.254.15,2017-03-09 14:46:23,2017-03-09 14:32:12
6607807184907,51707379723,3,61,3,100016,223.104.177.122,2017-03-09 15:08:16,2017-03-09 14:39:35
6609417797639,51732545543,3,31,1,100001,114.242.250.116,2017-03-09 15:07:22,2017-03-09 14:49:13
6606196572178,51682213906,3,54,3,100008,223.104.247.234,2017-03-09 15:25:40,2017-03-09 15:05:30
6610491539457,51749322753,3,5,0,100001,117.136.21.185,2017-03-09 15:25:55,2017-03-09 15:12:37
6606196572189,51682213917,3,75,8,100001,223.104.25.239,2017-03-09 16:13:29,2017-03-09 16:03:24
6598143508662,51556384950,3,85,7,100002,223.104.25.239,2017-03-09 16:32:30,2017-03-09 16:08:28
6600290992138,51589939210,3,69,4,100005,223.104.174.6,2017-03-09 16:32:44,2017-03-09 16:21:55
6609417797639,51732545543,3,31,1,100001,114.242.250.116,2017-03-09 16:37:55,2017-03-09 16:24:01
6609417797648,51732545552,3,39,1,100002,124.114.49.62,2017-03-09 16:57:13,2017-03-09 16:27:01
6601364734046,51606716510,3,67,4,100002,111.199.75.240,2017-03-09 16:35:03,2017-03-09 16:27:59
6598143508662,51556384950,3,85,7,100002,223.104.25.239,2017-03-09 16:43:13,2017-03-09 16:37:30
6606196572237,51682213965,3,60,5,100022,119.62.209.167,2017-03-09 17:09:29,2017-03-09 16:56:59
6600290992138,51589939210,3,69,4,100005,223.104.174.6,2017-03-09 17:13:37,2017-03-09 17:07:34
6609417797648,51732545552,3,40,1,100002,113.133.208.168,2017-03-09 18:25:04,2017-03-09 18:15:10
6600290992235,51589939307,3,55,4,100008,218.18.121.122,2017-03-09 19:19:10,2017-03-09 19:10:32
6598143509027,51556385315,3,67,4,100002,117.136.38.32,2017-03-09 19:54:41,2017-03-09 19:44:52
6606196572237,51682213965,3,60,5,100022,119.62.209.167,2017-03-09 19:57:02,2017-03-09 19:48:57
6609417797639,51732545543,3,31,1,100001,114.242.250.116,2017-03-09 20:49:44,2017-03-09 20:40:46
6606196572178,51682213906,3,54,3,100008,223.104.247.234,2017-03-09 21:58:13,2017-03-09 21:03:38
6598143508662,51556384950,3,85,7,100002,119.86.36.108,2017-03-09 21:31:41,2017-03-09 21:10:37
6606196572189,51682213917,3,75,8,100001,119.86.36.108,2017-03-09 22:19:17,2017-03-09 21:26:48
6606196572237,51682213965,3,60,5,100022,119.62.209.167,2017-03-09 22:11:54,2017-03-09 22:02:46
6609417797648,51732545552,3,40,1,100002,113.133.208.168,2017-03-09 22:18:02,2017-03-09 22:07:06
6598143509027,51556385315,3,67,4,100002,117.136.38.32,2017-03-09 22:51:49,2017-03-09 22:42:38
6609954668563,51740934163,3,31,1,100008,14.113.222.143,2017-03-09 23:28:14,2017-03-09 22:57:26
6602975346754,51631882306,3,60,4,100005,117.150.121.109,2017-03-09 23:09:26,2017-03-09 23:01:18
6607807184907,51707379723,3,61,3,100016,223.104.177.122,2017-03-10 00:05:48,2017-03-09 23:22:44
6601364734046,51606716510,3,67,4,100002,111.199.153.158,2017-03-10 00:35:55,2017-03-10 00:20:01
6606196572237,51682213965,3,60,5,100022,119.62.209.167,2017-03-10 00:54:17,2017-03-10 00:47:19
6600827863054,51598327822,3,32,4,100008,106.32.168.208,2017-03-10 01:10:55,2017-03-10 01:04:38
6607807184901,51707379717,3,61,3,100015,112.26.75.145,2017-03-10 01:46:50,2017-03-10 01:31:13
6607807184901,51707379717,3,61,3,100015,112.26.75.145,2017-03-10 02:43:18,2017-03-10 02:30:32
6609954668570,51740934170,3,14,1,100001,151.33.6.160,2017-03-10 03:37:06,2017-03-10 03:29:18
6608344055941,51715768453,3,51,3,100001,223.104.109.88,2017-03-10 06:26:51,2017-03-10 05:52:33
6609954668565,51740934165,3,7,0,100001,117.136.92.52,2017-03-10 06:53:04,2017-03-10 06:46:22
6602975346754,51631882306,3,60,4,100005,117.150.121.109,2017-03-10 06:57:44,2017-03-10 06:51:47
6606196572178,51682213906,3,54,3,100008,223.104.247.234,2017-03-10 07:27:56,2017-03-10 06:55:39
6610491539475,51749322771,3,19,0,100001,125.69.124.13,2017-03-10 07:23:18,2017-03-10 07:12:20
6601364734046,51606716510,3,67,4,100002,111.199.153.158,2017-03-10 07:22:42,2017-03-10 07:15:18
6607807184901,51707379717,3,61,3,100015,112.26.75.142,2017-03-10 08:54:09,2017-03-10 08:09:16
6609417797639,51732545543,3,31,1,100001,61.148.243.203,2017-03-10 09:38:48,2017-03-10 08:28:50
6606196572273,51682214001,3,46,3,100001,171.10.7.198,2017-03-10 09:21:26,2017-03-10 09:10:10
6599754121272,51581550648,3,71,6,100001,117.136.41.112,2017-03-10 09:34:45,2017-03-10 09:23:18
6606196572189,51682213917,3,75,8,100001,223.104.25.239,2017-03-10 09:43:29,2017-03-10 09:32:26
6598143509027,51556385315,3,67,4,100002,223.104.3.208,2017-03-10 09:41:31,2017-03-10 09:33:30
6609417797648,51732545552,3,41,1,100002,124.114.48.53,2017-03-10 09:56:22,2017-03-10 09:37:32
6606196572189,51682213917,3,75,8,100001,223.104.25.239,2017-03-10 10:02:48,2017-03-10 09:57:09
6598143508662,51556384950,3,85,7,100002,223.104.25.239,2017-03-10 10:18:23,2017-03-10 09:57:30
6607807184907,51707379723,3,61,3,100016,223.104.177.122,2017-03-10 10:21:20,2017-03-10 10:02:13
6606196572189,51682213917,3,75,8,100001,223.104.25.239,2017-03-10 10:24:25,2017-03-10 10:13:13
6601364734059,51606716523,3,52,4,100005,113.140.24.5,2017-03-10 10:55:46,2017-03-10 10:44:46
6609417797639,51732545543,3,32,1,100001,61.148.243.203,2017-03-10 10:52:03,2017-03-10 10:46:38
6609417797639,51732545543,3,32,1,100001,124.207.209.114,2017-03-10 11:38:20,2017-03-10 11:24:24
6606196572189,51682213917,3,75,8,100001,223.104.25.239,2017-03-10 12:50:23,2017-03-10 12:26:06
6600290992235,51589939307,3,55,4,100008,218.18.121.122,2017-03-10 12:54:34,2017-03-10 12:35:49
6609417797648,51732545552,3,41,2,100002,113.133.208.168,2017-03-10 12:47:28,2017-03-10 12:41:06
6609417797639,51732545543,3,32,1,100001,117.136.0.199,2017-03-10 12:50:37,2017-03-10 12:41:21
6598143508662,51556384950,3,85,7,100002,223.104.25.239,2017-03-10 12:59:06,2017-03-10 12:45:36
6609417797648,51732545552,3,41,2,100002,113.133.208.168,2017-03-10 13:03:15,2017-03-10 12:57:59
6609417797639,51732545543,3,32,1,100001,61.148.243.203,2017-03-10 15:28:03,2017-03-10 15:13:43
6601364734046,51606716510,3,67,4,100002,114.243.153.1,2017-03-10 15:48:54,2017-03-10 15:33:46
6609417797639,51732545543,3,33,1,100001,124.207.209.114,2017-03-10 16:22:46,2017-03-10 16:17:26
6609417797648,51732545552,3,41,2,100002,124.114.48.53,2017-03-10 16:54:33,2017-03-10 16:45:12
6606196572237,51682213965,3,60,5,100022,119.62.208.243,2017-03-10 17:04:49,2017-03-10 16:51:12
6608344055898,51715768410,3,60,3,100001,223.104.16.6,2017-03-10 17:55:53,2017-03-10 17:39:53
6608344055941,51715768453,3,52,3,100001,183.205.21.68,2017-03-10 18:08:36,2017-03-10 17:59:05
6606196572237,51682213965,3,60,5,100022,119.62.208.243,2017-03-10 18:17:02,2017-03-10 18:09:30
6600290992235,51589939307,3,55,4,100008,218.18.121.122,2017-03-10 18:20:42,2017-03-10 18:12:16
6609417797645,51732545549,3,29,1,100001,49.88.218.29,2017-03-10 19:22:36,2017-03-10 19:09:32
6609417797648,51732545552,3,41,2,100002,113.133.208.168,2017-03-10 19:22:52,2017-03-10 19:09:35
6609954668555,51740934155,3,19,1,100001,211.161.244.215,2017-03-10 19:32:31,2017-03-10 19:21:26
6609417797645,51732545549,3,30,1,100001,49.88.218.29,2017-03-10 20:05:40,2017-03-10 19:42:32
6607807184901,51707379717,3,61,3,100015,223.104.34.85,2017-03-10 20:02:22,2017-03-10 19:56:06
6606196572178,51682213906,3,54,3,100008,115.209.31.208,2017-03-10 20:55:30,2017-03-10 20:16:38
6609417797639,51732545543,3,33,1,100001,117.136.38.84,2017-03-10 20:55:01,2017-03-10 20:48:22
6598143508662,51556384950,3,85,7,100002,119.86.36.108,2017-03-10 21:44:17,2017-03-10 20:52:42
6609417797648,51732545552,3,42,2,100002,113.133.208.168,2017-03-10 21:34:03,2017-03-10 21:27:30
6606196572189,51682213917,3,75,8,100001,119.86.36.108,2017-03-10 22:12:06,2017-03-10 21:39:14
6609954668570,51740934170,3,14,1,100001,151.33.6.160,2017-03-10 21:52:34,2017-03-10 21:42:59
6607807184900,51707379716,3,36,2,100022,115.218.202.137,2017-03-10 22:04:48,2017-03-10 21:52:34
6606196572237,51682213965,3,60,5,100022,119.62.208.243,2017-03-10 22:19:18,2017-03-10 22:04:46
6598143509027,51556385315,3,67,4,100002,223.104.3.208,2017-03-10 22:18:06,2017-03-10 22:07:10
6611028410373,51757711365,3,1,0,100002,27.194.75.239,2017-03-10 22:36:47,2017-03-10 22:31:44
6607807184900,51707379716,3,36,2,100022,115.218.202.137,2017-03-10 22:58:39,2017-03-10 22:46:33
6609954668563,51740934163,3,32,1,100008,183.21.38.95,2017-03-10 23:22:29,2017-03-10 22:51:18
6607807184907,51707379723,3,61,3,100016,119.112.130.19,2017-03-10 23:24:29,2017-03-10 22:58:19
6602975346754,51631882306,3,60,4,100005,117.150.121.245,2017-03-10 23:21:22,2017-03-10 23:09:30
6600290992138,51589939210,3,69,4,100005,223.104.31.3,2017-03-10 23:28:54,2017-03-10 23:21:32
6601364734046,51606716510,3,67,4,100002,114.243.153.1,2017-03-10 23:43:40,2017-03-10 23:36:34
6607807184907,51707379723,3,61,3,100016,119.112.141.238,2017-03-10 23:47:47,2017-03-10 23:37:22
6609417797639,51732545543,3,33,1,100001,117.136.38.84,2017-03-10 23:56:44,2017-03-10 23:50:44
6606196572237,51682213965,3,60,5,100022,119.62.208.243,2017-03-11 00:27:36,2017-03-11 00:21:40
6600827863054,51598327822,3,32,4,100008,106.32.168.208,2017-03-11 01:17:37,2017-03-11 01:10:40
6601364734046,51606716510,3,67,4,100002,114.243.153.1,2017-03-11 06:47:26,2017-03-11 06:40:05
6609417797648,51732545552,3,42,2,100002,113.133.208.168,2017-03-11 07:22:05,2017-03-11 07:15:05
6602975346754,51631882306,3,60,4,100005,117.136.23.61,2017-03-11 08:01:07,2017-03-11 07:51:28
6609417797645,51732545549,3,30,1,100001,49.88.93.86,2017-03-11 08:54:01,2017-03-11 08:20:20
6606196572189,51682213917,3,75,8,100001,223.104.25.239,2017-03-11 09:04:00,2017-03-11 08:48:36
6598143508662,51556384950,3,85,7,100002,223.104.25.239,2017-03-11 09:05:08,2017-03-11 08:58:53
6598143508662,51556384950,3,85,7,100002,223.104.25.239,2017-03-11 10:01:34,2017-03-11 09:19:05
6608344055843,51715768355,3,51,3,100001,117.175.130.141,2017-03-11 09:58:02,2017-03-11 09:42:09
6598143509027,51556385315,3,67,4,100002,223.104.38.232,2017-03-11 10:04:02,2017-03-11 09:49:15
6606196572189,51682213917,3,75,8,100001,223.104.25.239,2017-03-11 10:12:36,2017-03-11 09:56:18
6609417797639,51732545543,3,33,1,100001,61.148.244.163,2017-03-11 11:03:22,2017-03-11 10:30:29
6610491539475,51749322771,3,20,0,100001,117.172.25.36,2017-03-11 11:42:59,2017-03-11 11:37:53
6606196572178,51682213906,3,54,3,100008,223.104.247.234,2017-03-11 12:30:47,2017-03-11 11:52:06
6608344055941,51715768453,3,52,3,100001,183.205.21.56,2017-03-11 12:24:15,2017-03-11 12:04:40
6606196572189,51682213917,3,75,8,100001,223.104.249.90,2017-03-11 12:48:34,2017-03-11 12:19:27
6598143509027,51556385315,3,67,4,100002,223.104.38.232,2017-03-11 12:40:58,2017-03-11 12:33:26
6598143508662,51556384950,3,85,7,100002,223.104.249.90,2017-03-11 12:53:18,2017-03-11 12:43:42
6607807184901,51707379717,3,61,3,100015,117.136.102.30,2017-03-11 13:43:44,2017-03-11 13:07:28
6609417797648,51732545552,3,42,2,100002,113.133.220.80,2017-03-11 13:27:30,2017-03-11 13:12:41
6611028410374,51757711366,3,1,0,100023,115.234.15.98,2017-03-11 13:28:02,2017-03-11 13:14:26
6609417797645,51732545549,3,31,1,100001,49.88.93.86,2017-03-11 13:49:44,2017-03-11 13:39:22
6601364734046,51606716510,3,67,4,100002,114.243.153.1,2017-03-11 14:00:54,2017-03-11 13:52:09
6606196572247,51682213975,3,63,5,100005,117.136.81.21,2017-03-11 15:23:41,2017-03-11 15:07:22
6600290992235,51589939307,3,55,4,100008,218.18.121.128,2017-03-11 15:54:56,2017-03-11 15:17:31
6606196572178,51682213906,3,55,3,100008,115.209.30.226,2017-03-11 16:35:24,2017-03-11 15:51:03
6611028410375,51757711367,3,1,0,100001,183.209.107.94,2017-03-11 17:14:12,2017-03-11 16:54:46
6606196572237,51682213965,3,60,5,100022,119.62.209.140,2017-03-11 17:45:15,2017-03-11 17:23:35
6611028410374,51757711366,3,2,0,100023,115.234.15.98,2017-03-11 17:32:50,2017-03-11 17:27:28
6609417797648,51732545552,3,42,2,100002,36.45.21.219,2017-03-11 17:56:41,2017-03-11 17:45:16
6611028410375,51757711367,3,5,0,100001,183.209.107.94,2017-03-11 18:05:07,2017-03-11 17:57:39
6606196572237,51682213965,3,60,5,100022,119.62.209.140,2017-03-11 19:04:23,2017-03-11 18:44:53
6600290992235,51589939307,3,56,4,100008,218.18.121.128,2017-03-11 19:12:44,2017-03-11 18:53:08
6598143509027,51556385315,3,67,4,100002,117.136.38.150,2017-03-11 19:40:19,2017-03-11 19:27:23
6606196572237,51682213965,3,61,5,100022,119.62.209.140,2017-03-11 20:03:48,2017-03-11 19:27:27
6610491539475,51749322771,3,20,0,100001,111.9.252.168,2017-03-11 20:03:26,2017-03-11 19:44:47
6606196572237,51682213965,3,61,5,100022,119.62.209.140,2017-03-11 20:42:30,2017-03-11 20:35:21
6609954668570,51740934170,3,16,1,100001,151.33.100.209,2017-03-11 21:09:28,2017-03-11 21:03:29
6606196572237,51682213965,3,61,5,100022,119.62.209.140,2017-03-11 21:18:10,2017-03-11 21:10:47
6609954668560,51740934160,3,17,0,100008,122.97.216.185,2017-03-11 21:29:53,2017-03-11 21:12:13
6601364734059,51606716523,3,52,4,100005,36.40.40.38,2017-03-11 21:43:43,2017-03-11 21:33:45
6606196572237,51682213965,3,61,5,100022,119.62.209.140,2017-03-11 22:02:46,2017-03-11 21:46:02
6598143509027,51556385315,3,67,4,100002,117.136.38.150,2017-03-11 22:24:49,2017-03-11 22:09:55
6608344055898,51715768410,3,60,3,100001,111.26.35.244,2017-03-11 23:12:34,2017-03-11 22:11:15
6606196572237,51682213965,3,61,5,100022,119.62.209.140,2017-03-11 22:35:51,2017-03-11 22:29:28
6611028410376,51757711368,3,1,0,100001,117.179.212.24,2017-03-11 22:39:41,2017-03-11 22:34:25
6606196572237,51682213965,3,61,5,100022,119.62.209.140,2017-03-11 23:02:21,2017-03-11 22:54:17
6607807184907,51707379723,3,61,3,100016,119.112.130.19,2017-03-11 23:04:15,2017-03-11 22:54:37
6609954668563,51740934163,3,33,1,100008,183.21.38.95,2017-03-11 23:23:25,2017-03-11 23:13:48
6609417797648,51732545552,3,42,2,100002,36.45.21.219,2017-03-11 23:35:15,2017-03-11 23:23:33
6609417797639,51732545543,3,33,1,100001,123.121.172.199,2017-03-11 23:54:53,2017-03-11 23:41:48
6607807184907,51707379723,3,62,3,100016,59.46.158.67,2017-03-12 00:13:38,2017-03-11 23:42:14
6607807184901,51707379717,3,62,3,100015,112.26.75.153,2017-03-12 00:26:34,2017-03-11 23:53:32
6611028410377,51757711369,3,1,0,100001,183.206.22.195,2017-03-12 00:26:19,2017-03-12 00:06:29
6601364734046,51606716510,3,67,4,100002,114.243.153.1,2017-03-12 00:14:27,2017-03-12 00:06:54
6606196572237,51682213965,3,61,5,100022,119.62.209.140,2017-03-12 00:39:59,2017-03-12 00:31:13
6600827863054,51598327822,3,32,4,100008,1.207.125.88,2017-03-12 01:43:01,2017-03-12 01:35:52
6601364734046,51606716510,3,68,4,100002,114.243.153.1,2017-03-12 02:59:02,2017-03-12 02:49:33
6601364734046,51606716510,3,68,4,100002,114.243.153.1,2017-03-12 07:03:29,2017-03-12 06:54:23
6609417797648,51732545552,3,42,2,100002,36.45.21.219,2017-03-12 07:20:47,2017-03-12 07:03:29
6601364734046,51606716510,3,68,4,100002,223.104.3.171,2017-03-12 07:12:28,2017-03-12 07:07:18
6607807184901,51707379717,3,62,3,100015,117.136.102.30,2017-03-12 08:15:28,2017-03-12 08:00:44
6602975346754,51631882306,3,60,4,100005,117.136.53.163,2017-03-12 08:11:04,2017-03-12 08:04:12
6611028410378,51757711370,3,1,0,100001,14.127.249.133,2017-03-12 08:15:25,2017-03-12 08:08:16
6611028410379,51757711371,3,1,0,100028,113.113.121.86,2017-03-12 11:30:10,2017-03-12 09:55:36
6602975346754,51631882306,3,60,4,100005,117.136.53.163,2017-03-12 10:15:38,2017-03-12 10:07:34
6607807184907,51707379723,3,62,3,100016,223.104.176.221,2017-03-12 11:04:55,2017-03-12 10:34:29
6598143509027,51556385315,3,67,4,100002,223.104.38.57,2017-03-12 11:01:10,2017-03-12 10:41:48
6609954668575,51740934175,3,26,1,100001,14.155.104.131,2017-03-12 11:35:40,2017-03-12 11:25:08
6611028410380,51757711372,3,1,0,100008,112.14.116.22,2017-03-12 12:43:25,2017-03-12 12:15:54
6602975346754,51631882306,3,60,4,100005,117.136.53.163,2017-03-12 12:57:45,2017-03-12 12:49:33
6601364734059,51606716523,3,52,4,100005,36.40.40.38,2017-03-12 13:08:20,2017-03-12 12:54:57
6608344055941,51715768453,3,52,3,100001,183.205.21.218,2017-03-12 13:13:01,2017-03-12 12:58:23
6608344055898,51715768410,3,60,3,100001,111.26.35.244,2017-03-12 13:42:29,2017-03-12 13:22:42
6598143509027,51556385315,3,68,4,100002,117.136.0.182,2017-03-12 13:34:03,2017-03-12 13:22:51
6611028410375,51757711367,3,5,0,100001,183.209.107.94,2017-03-12 13:45:10,2017-03-12 13:31:36
6608344055898,51715768410,3,60,3,100001,111.26.35.244,2017-03-12 14:18:58,2017-03-12 13:45:21
6598143508662,51556384950,3,85,7,100002,223.104.25.224,2017-03-12 15:47:28,2017-03-12 14:46:40
6609417797645,51732545549,3,31,1,100001,117.92.148.212,2017-03-12 15:06:52,2017-03-12 14:58:16
6611028410381,51757711373,3,1,0,100005,218.88.87.59,2017-03-12 15:22:37,2017-03-12 15:04:22
6609417797645,51732545549,3,31,1,100001,117.92.148.212,2017-03-12 15:32:07,2017-03-12 15:20:31
6606196572189,51682213917,3,75,8,100001,223.104.25.224,2017-03-12 16:48:21,2017-03-12 15:42:21
6600290992235,51589939307,3,56,4,100008,218.18.121.128,2017-03-12 15:56:02,2017-03-12 15:43:09
6609417797648,51732545552,3,43,2,100002,117.33.58.213,2017-03-12 16:21:57,2017-03-12 16:10:00
6606196572178,51682213906,3,55,3,100008,223.104.247.234,2017-03-12 16:50:31,2017-03-12 16:26:53
6609417797648,51732545552,3,43,2,100002,117.33.58.213,2017-03-12 17:06:43,2017-03-12 16:34:18
6598143508662,51556384950,3,85,7,100002,223.104.25.224,2017-03-12 16:48:46,2017-03-12 16:43:27
6606196572237,51682213965,3,61,5,100022,119.62.209.75,2017-03-12 17:42:18,2017-03-12 17:32:15
6606196572237,51682213965,3,61,5,100022,119.62.209.75,2017-03-12 18:10:52,2017-03-12 18:02:18
6601364734046,51606716510,3,68,4,100002,114.243.153.1,2017-03-12 19:02:03,2017-03-12 18:37:57
6598143509027,51556385315,3,68,4,100002,117.136.0.182,2017-03-12 19:36:30,2017-03-12 19:28:21
6609417797648,51732545552,3,43,2,100002,117.33.120.173,2017-03-12 20:18:54,2017-03-12 20:10:22
6598143508662,51556384950,3,85,7,100002,119.86.34.66,2017-03-12 20:43:28,2017-03-12 20:11:18
6606196572189,51682213917,3,75,8,100001,119.86.34.66,2017-03-12 20:52:46,2017-03-12 20:38:30
6607807184907,51707379723,3,62,3,100016,59.46.158.67,2017-03-12 21:31:12,2017-03-12 21:09:14
6606196572237,51682213965,3,61,5,100022,119.62.209.75,2017-03-12 22:01:11,2017-03-12 21:12:05
6606196572178,51682213906,3,55,3,100008,223.104.247.234,2017-03-12 21:37:18,2017-03-12 21:20:01
6609417797648,51732545552,3,43,2,100002,117.34.139.247,2017-03-12 21:46:50,2017-03-12 21:40:21
6601901605007,51615105167,3,63,5,100005,218.70.9.130,2017-03-12 22:27:48,2017-03-12 22:13:00
6598143509027,51556385315,3,68,4,100002,117.136.0.182,2017-03-12 22:45:00,2017-03-12 22:16:07
6608344055941,51715768453,3,52,3,100001,222.142.172.96,2017-03-12 23:13:38,2017-03-12 23:06:38
6609954668563,51740934163,3,34,1,100008,113.94.125.187,2017-03-12 23:54:28,2017-03-12 23:45:11
6609954668555,51740934155,3,21,1,100001,211.161.244.215,2017-03-12 23:55:41,2017-03-12 23:46:42
6606196572237,51682213965,3,61,5,100022,119.62.209.75,2017-03-13 00:11:08,2017-03-13 00:03:29
6600827863054,51598327822,3,32,4,100008,1.207.125.88,2017-03-13 00:22:59,2017-03-13 00:13:10
6601364734046,51606716510,3,68,4,100002,114.243.153.1,2017-03-13 00:45:49,2017-03-13 00:33:05
6607807184901,51707379717,3,62,3,100015,112.26.75.153,2017-03-13 01:53:34,2017-03-13 01:31:43
6609954668570,51740934170,3,16,1,100001,151.33.100.209,2017-03-13 03:16:56,2017-03-13 03:10:19
6611028410382,51757711374,3,1,0,100001,110.153.61.5,2017-03-13 05:19:22,2017-03-13 05:12:35
6602975346754,51631882306,3,60,4,100005,117.150.121.226,2017-03-13 07:10:08,2017-03-13 07:02:28
6601364734046,51606716510,3,68,4,100002,114.243.153.1,2017-03-13 07:51:18,2017-03-13 07:24:49
6608344055941,51715768453,3,52,3,100001,223.104.19.177,2017-03-13 07:49:29,2017-03-13 07:38:37
6599754121226,51581550602,3,74,5,100002,36.23.180.242,2017-03-13 08:33:53,2017-03-13 08:25:09
6598143509027,51556385315,3,68,4,100002,117.136.0.182,2017-03-13 09:14:00,2017-03-13 09:07:36
6601364734046,51606716510,3,68,4,100002,117.136.38.50,2017-03-13 09:42:30,2017-03-13 09:22:27
6607807184901,51707379717,3,62,3,100015,112.26.75.153,2017-03-13 10:38:39,2017-03-13 10:23:30
6606196572189,51682213917,3,75,8,100001,223.104.25.224,2017-03-13 11:00:40,2017-03-13 10:41:44
6607807184907,51707379723,3,62,3,100016,59.46.158.67,2017-03-13 11:59:08,2017-03-13 10:43:24
6601364734046,51606716510,3,68,4,100002,114.240.132.93,2017-03-13 11:07:39,2017-03-13 11:00:54
6606196572178,51682213906,3,55,3,100008,112.17.244.244,2017-03-13 12:37:45,2017-03-13 12:24:50
6600290992235,51589939307,3,56,4,100008,58.60.143.50,2017-03-13 12:53:05,2017-03-13 12:27:42
6606196572189,51682213917,3,75,8,100001,223.104.25.224,2017-03-13 12:49:57,2017-03-13 12:31:14
6598143508662,51556384950,3,85,7,100002,223.104.25.224,2017-03-13 13:07:30,2017-03-13 12:44:47
6598143509027,51556385315,3,68,4,100002,223.104.38.3,2017-03-13 13:13:42,2017-03-13 13:07:26
6602975346754,51631882306,3,60,4,100005,117.136.23.14,2017-03-13 13:38:36,2017-03-13 13:32:37
6601364734059,51606716523,3,52,4,100005,113.140.24.5,2017-03-13 13:57:35,2017-03-13 13:51:18
6601364734059,51606716523,3,52,4,100005,113.140.24.5,2017-03-13 14:08:41,2017-03-13 13:59:30
6606196572178,51682213906,3,56,3,100008,112.17.244.244,2017-03-13 14:31:58,2017-03-13 14:16:31
6601364734059,51606716523,3,52,4,100005,113.140.24.5,2017-03-13 14:53:31,2017-03-13 14:41:39
6606196572178,51682213906,3,56,3,100008,112.17.244.244,2017-03-13 14:59:28,2017-03-13 14:42:18
